machine_id,case_id,run,elapsed_time_min,DOC_mm,feed_mm_rev,material_code,VB_mm_observed,smcAC_quality,smcAC_rms,smcAC_std,smcAC_peak,smcAC_crest_factor,smcAC_kurtosis,smcDC_quality,smcDC_rms,smcDC_std,smcDC_peak,smcDC_crest_factor,smcDC_kurtosis,vib_table_quality,vib_table_rms,vib_table_std,vib_table_peak,vib_table_crest_factor,vib_table_kurtosis,vib_spindle_quality,vib_spindle_rms,vib_spindle_std,vib_spindle_peak,vib_spindle_crest_factor,vib_spindle_kurtosis,AE_table_quality,AE_table_rms,AE_table_std,AE_table_peak,AE_table_crest_factor,AE_table_kurtosis,AE_spindle_quality,AE_spindle_rms,AE_spindle_std,AE_spindle_peak,AE_spindle_crest_factor,AE_spindle_kurtosis,data_quality_flag,VB_mm_estimated,VB_source,degradation_wear_score,anomaly_score,current_risk,vibration_risk,acoustic_emission_risk,failure_probability,machine_health_score,health_status,production_bottleneck_risk,maintenance_priority,top_risk_factors,feature_contributions,recommended_action,timestamp,__smcAC_risk,__smcDC_risk,__vib_table_risk,__vib_spindle_risk,__AE_table_risk,__AE_spindle_risk
MILL_MC510V,1,1,2.0,1.5,0.5,1,0.0,ok,1.5321652211778227,1.5233353005998844,4.20166015625,2.742302264906725,2.2780641206154684,ok,5.883103160480127,2.243695730595105,7.8173828125,1.3287856084204182,2.145474296870705,ok,1.7896845036613254,0.7770767834995015,2.8125,1.571506035977086,2.6892232922223407,ok,0.570265152532047,0.1492637618671026,0.858154296875,1.504833835739717,1.9148175464060604,ok,0.1782130891737492,0.0546357486423375,0.4681396484375,2.62685333947867,2.906526190895573,ok,0.1967832626996549,0.0564788298235406,0.4290771484375,2.1804555049491614,3.1581295777431024,usable,0.0,observed,0.0,95.8,42.77108433734939,98.79518072289156,40.963855421686745,28.7,56.4,Degraded,49.6,Medium,vibration (99/100); anomaly (96/100); motor_current (43/100),anomaly=28.7; sensor_risk=14.8; tool_wear=0.0,Increase monitoring frequency and inspect tool at next planned maintenance,T+2 min,42.77108433734939,42.168674698795186,98.79518072289156,98.79518072289156,40.963855421686745,27.10843373493976
MILL_MC510V,1,2,4.0,1.5,0.5,1,,ok,1.5666129196024403,1.557777661083424,4.02099609375,2.5666813055313256,2.2674322016062662,ok,6.0182092842093855,2.289596184584385,7.9345703125,1.318427116404452,2.2052768169516965,ok,1.7124977046830512,0.7423524123749659,2.68310546875,1.5667790160600663,2.6919671228323776,ok,0.5693568543360901,0.1522394650375414,0.86669921875,1.5222425305814746,1.915580188003086,ok,0.1823869544710666,0.0557640488113772,0.4046630859375,2.2187063055514527,2.928214950333345,ok,0.1963482078614402,0.0554948161959247,0.40283203125,2.051620616431704,3.0163492746002025,usable,0.0366666666666666,interpolated,7.333333333333333,89.2,44.57831325301205,98.19277108433735,43.373493975903614,27.6,54.5,Degraded,49.4,Medium,vibration (98/100); anomaly (89/100); motor_current (45/100),anomaly=26.8; sensor_risk=14.7; tool_wear=4.0,Increase monitoring frequency and inspect tool at next planned maintenance,T+4 min,44.57831325301205,43.373493975903614,98.19277108433735,98.19277108433735,43.373493975903614,26.506024096385545
MILL_MC510V,1,3,6.0,1.5,0.5,1,,ok,1.5847719278414745,1.5758939731628578,4.0576171875,2.5603792673334915,2.2502655800228,ok,6.090043082790408,2.3065010008568216,7.9345703125,1.302875891784848,2.2416589475639364,ok,1.618687555343427,0.6849113366417356,2.5390625,1.5685933283521996,2.7554020565052424,ok,0.5787851632554074,0.1583434794754975,0.968017578125,1.6724989505236487,1.945527650269537,ok,0.1838007515246224,0.0546826958108664,0.443115234375,2.4108456069790782,2.839147819220265,ok,0.2213935059764046,0.071260680834608,0.5450439453125,2.4618786486362745,3.3346336573412243,usable,0.0733333333333333,interpolated,14.666666666666666,93.4,46.98795180722892,99.3975903614458,46.98795180722892,30.7,49.0,Degraded,51.9,Medium,vibration (99/100); anomaly (93/100); motor_current (47/100),anomaly=28.0; sensor_risk=14.9; tool_wear=8.1,Increase monitoring frequency and inspect tool at next planned maintenance,T+6 min,46.98795180722892,44.57831325301205,95.78313253012048,99.3975903614458,46.98795180722892,43.373493975903614
MILL_MC510V,1,4,7.0,1.5,0.5,1,0.11,ok,1.6387178517882133,1.6306087337480009,4.26025390625,2.599748273687564,2.211886215180398,ok,6.296917192913563,2.384961113457539,8.193359375,1.30116994141504,2.275963312443093,ok,1.573665519371199,0.6618642881796705,2.53173828125,1.6088160095545692,2.7628934108153493,ok,0.5235334787577309,0.1193476960998844,0.743408203125,1.4199821659687937,1.9468761424709944,ok,0.1951897880984209,0.053087746194759,0.4327392578125,2.217017918950155,2.809985273701148,ok,0.226163811321209,0.0640464543644129,0.521240234375,2.304702203803968,3.624220980832568,usable,0.11,observed,22.0,87.4,50.602409638554214,97.59036144578313,53.6144578313253,31.6,47.0,Degraded,53.1,Medium,vibration (98/100); anomaly (87/100); acoustic_emission (54/100),anomaly=26.2; sensor_risk=14.6; tool_wear=12.1,Increase monitoring frequency and inspect tool at next planned maintenance,T+7 min,50.602409638554214,47.59036144578313,94.57831325301204,97.59036144578313,53.6144578313253,50.602409638554214
MILL_MC510V,1,5,11.0,1.5,0.5,1,,ok,1.8504099138298875,1.8432936810825415,4.73876953125,2.560929605829536,2.2122511617511758,ok,7.116920318222492,2.7725587060868886,9.1650390625,1.2877816039378889,2.2033733417393395,ok,1.6820777444082813,0.6883053631085644,2.626953125,1.5617310993687414,2.8922413270186107,ok,0.4891330787572003,0.1059253406974611,0.67138671875,1.3726054276568271,1.963276837806493,ok,0.2054480494098556,0.0568909797627112,0.4010009765625,1.9518363776751029,2.5204049213237387,ok,0.2360368839667678,0.0594093537723301,0.3973388671875,1.683376176249466,2.789816262075636,usable,0.155,interpolated,31.0,73.7,63.25301204819277,96.98795180722891,60.8433734939759,31.7,46.3,Degraded,55.7,Medium,vibration (97/100); anomaly (74/100); motor_current (63/100),anomaly=22.1; tool_wear=17.1; sensor_risk=14.5,Increase monitoring frequency and inspect tool at next planned maintenance,T+11 min,63.25301204819277,60.8433734939759,96.98795180722891,96.98795180722891,60.8433734939759,57.22891566265061
MILL_MC510V,1,6,15.0,1.5,0.5,1,0.2,ok,2.0136913405097414,2.007536022287473,4.88525390625,2.4260192254742137,2.1496969020761303,ok,7.747008528915126,2.9864564531007423,9.8681640625,1.273803175208411,2.3156042534353154,ok,1.0105522697274258,0.3939299027800852,1.572265625,1.5558478983205173,3.1446466937701945,ok,0.4697876530762708,0.0948471545989718,1.099853515625,2.341171608961157,2.621900812206857,ok,0.2160823208783892,0.0597511317476317,0.426025390625,1.9715883691511935,2.509906172587051,ok,0.2256759383284581,0.0561757138968257,0.3973388671875,1.760661194670368,2.6550902622395625,usable,0.2,observed,40.0,58.1,71.08433734939759,95.78313253012048,66.26506024096386,32.2,46.2,Degraded,57.3,Medium,vibration (96/100); motor_current (71/100); acoustic_emission (66/100),tool_wear=22.0; anomaly=17.4; sensor_risk=14.4,Increase monitoring frequency and inspect tool at next planned maintenance,T+15 min,71.08433734939759,68.67469879518072,65.66265060240963,95.78313253012048,66.26506024096386,50.0
MILL_MC510V,1,7,19.0,1.5,0.5,1,0.24,ok,2.0616414159902985,2.05558635893313,5.0,2.4252520158050137,2.148834760635032,ok,8.154871581433593,3.22389513648254,9.9951171875,1.225662119591793,2.235717610315848,ok,1.6413648620403551,0.6781636852760725,2.56591796875,1.563283111567762,2.8239304026410967,ok,0.4058226909749916,0.0596480700077599,0.914306640625,2.2529707208488503,2.711121552230836,ok,0.1952873462798062,0.0561283884379444,0.3680419921875,1.8846177143412437,2.638671903695013,ok,0.3009428007418918,0.0939984579571796,0.5645751953125,1.876021602506586,2.488548720304162,usable,0.24,observed,48.0,41.9,73.49397590361446,96.3855421686747,79.51807228915662,32.7,46.6,Degraded,59.4,Medium,vibration (96/100); acoustic_emission (80/100); motor_current (73/100),tool_wear=26.4; sensor_risk=14.5; anomaly=12.6,Increase monitoring frequency and inspect tool at next planned maintenance,T+19 min,72.28915662650603,73.49397590361446,96.3855421686747,93.37349397590361,54.21686746987952,79.51807228915662
MILL_MC510V,1,8,22.0,1.5,0.5,1,0.29,ok,2.263879741625518,2.25690871596652,5.0,2.208597880913796,2.1075960194743733,ok,8.445376142351627,3.192939201632468,9.9951171875,1.183501719642254,2.4984548005620164,ok,0.9336004561108472,0.3563234199423871,1.4892578125,1.5951768261792536,3.174861030905712,ok,0.4144325677901043,0.0803958492350247,1.607666015625,3.879198066391703,47.08582965533334,ok,0.2474031127728745,0.0731748649543233,0.457763671875,1.8502745044012203,2.5409380203778515,ok,0.2796218925356082,0.0758348446153904,0.511474609375,1.8291651084080889,2.8981021007211374,usable,0.29,observed,57.99999999999999,10.2,81.92771084337349,93.97590361445783,80.72289156626506,30.8,50.9,Degraded,59.3,Medium,vibration (94/100); motor_current (82/100); acoustic_emission (81/100),tool_wear=31.9; sensor_risk=14.1; anomaly=3.1,Increase monitoring frequency and inspect tool at next planned maintenance,T+22 min,81.92771084337349,78.3132530120482,51.204819277108435,93.97590361445783,80.72289156626506,71.08433734939759
MILL_MC510V,1,9,26.0,1.5,0.5,1,0.28,ok,2.352920545353346,2.347505690910328,5.0,2.125018632640231,2.123987694271022,ok,8.46438436137402,3.153043553338773,9.9951171875,1.1808439646372957,2.5540804136500155,ok,1.4673593056029726,0.5756549392876701,2.24609375,1.530704675686434,3.1084269986510025,ok,0.4045546587762282,0.0638146247732757,1.197509765625,2.9600691517049618,11.613638323758089,ok,0.2576964632596203,0.0765420413369295,0.4559326171875,1.769262221990196,2.6606859447374447,ok,0.3467519378594207,0.1096207909126459,0.653076171875,1.883410301625726,2.655898237245051,usable,0.28,observed,56.00000000000001,9.6,83.13253012048193,92.7710843373494,91.56626506024097,29.0,52.4,Degraded,59.3,Medium,vibration (93/100); acoustic_emission (92/100); motor_current (83/100),tool_wear=30.8; sensor_risk=13.9; anomaly=2.9,Increase monitoring frequency and inspect tool at next planned maintenance,T+26 min,83.13253012048193,79.51807228915662,92.16867469879519,92.7710843373494,83.73493975903614,91.56626506024097
MILL_MC510V,1,10,29.0,1.5,0.5,1,0.29,ok,2.520599022266457,2.516348176621153,5.576171875,2.2122407514003712,2.0614415715123293,ok,8.61101563258887,3.008872232544372,9.9951171875,1.1607361563334944,2.8642162434348637,ok,0.8392791123518644,0.2896791061441304,1.30126953125,1.5504609993235452,3.4926374270705507,ok,0.3773672706885359,0.0484782583345919,0.499267578125,1.3230282986988364,2.144127279546058,ok,0.2824138971459146,0.0820734419879917,0.51025390625,1.806759197776166,2.8249072557089807,ok,0.3229234132651588,0.0883382546334436,0.6146240234375,1.903312049197612,3.254025518110225,usable,0.29,observed,57.99999999999999,22.8,89.7590361445783,89.7590361445783,89.7590361445783,34.6,47.8,Degraded,62.2,High,vibration (90/100); motor_current (90/100); acoustic_emission (90/100),tool_wear=31.9; sensor_risk=13.5; anomaly=6.8,Schedule tool inspection/replacement and verify vibration/current signals,T+29 min,89.7590361445783,85.54216867469879,39.75903614457831,89.7590361445783,89.7590361445783,84.33734939759037
MILL_MC510V,1,11,32.0,1.5,0.5,1,0.38,ok,2.4661930615455727,2.4613278233705658,5.673828125,2.300642319317,2.0717127551847785,ok,8.579449807914342,3.1158950783187804,9.9951171875,1.1650067791385146,2.7327373744766184,ok,0.7666947302657693,0.2714821474738301,1.30126953125,1.697245957067198,3.595063123714143,ok,0.3592324402600676,0.0431418053198699,1.18408203125,3.2961444973886085,28.556855131591465,ok,0.2766410204162089,0.0833287969387372,0.521240234375,1.8841755050964792,2.70627620791564,ok,0.4043726980516259,0.1284593460480113,0.9564208984375,2.365196520545087,3.249231865128145,usable,0.38,observed,76.0,34.7,87.95180722891565,86.74698795180723,96.3855421686747,54.3,33.3,Critical,71.7,High,acoustic_emission (96/100); motor_current (88/100); vibration (87/100),tool_wear=41.8; sensor_risk=14.5; anomaly=10.4,Schedule tool inspection/replacement and verify vibration/current signals,T+32 min,87.95180722891565,83.73493975903614,28.313253012048197,86.74698795180723,87.95180722891565,96.3855421686747
MILL_MC510V,1,12,35.0,1.5,0.5,1,0.4,ok,2.6928853983310383,2.688467602614894,5.517578125,2.0489465048967785,2.058953883680401,ok,8.635777770446541,3.2074762533075964,9.9951171875,1.1574078737533344,2.989488277945538,ok,1.2486289187274042,0.5060020298868478,1.97998046875,1.5857236998534356,3.3004707178604544,ok,0.450199627528057,0.0603776471859332,1.142578125,2.537936628848622,5.116213659346695,ok,0.2805086365180216,0.0948901877634603,0.540771484375,1.927824722567249,2.701628986077924,ok,0.3619426767220971,0.1156476525406599,0.6390380859375,1.765578162053528,3.0081058263223963,usable,0.4,observed,80.0,36.5,92.16867469879519,94.57831325301204,92.7710843373494,58.9,30.9,Critical,76.2,High,vibration (95/100); acoustic_emission (93/100); motor_current (92/100),tool_wear=44.0; sensor_risk=14.2; anomaly=10.9,Schedule tool inspection/replacement and verify vibration/current signals,T+35 min,92.16867469879519,86.14457831325302,86.14457831325302,94.57831325301204,89.1566265060241,92.7710843373494
MILL_MC510V,1,13,38.0,1.5,0.5,1,0.43,ok,2.696366323466138,2.692015337419152,5.76171875,2.1368456874180435,2.052748449742757,ok,8.69031901190669,3.104365701390339,9.9951171875,1.1501438754785,3.1622139863560124,ok,0.9529621249143736,0.3575537113598098,1.4794921875,1.5525194011581354,3.6337130079158575,ok,0.3715808384380892,0.0400044866609359,1.563720703125,4.208292089801423,98.83999313027782,ok,0.2920192253780825,0.091962655076843,0.5352783203125,1.8330242456387336,2.883257274767183,ok,0.3558122241210121,0.1088773079961234,0.660400390625,1.8560362625386957,3.18090239126394,usable,0.43,observed,86.0,13.8,92.7710843373494,89.1566265060241,95.78313253012048,58.3,34.2,Critical,74.9,High,acoustic_emission (96/100); motor_current (93/100); vibration (89/100),tool_wear=47.3; sensor_risk=14.4; anomaly=4.1,Schedule tool inspection/replacement and verify vibration/current signals,T+38 min,92.7710843373494,89.7590361445783,53.6144578313253,89.1566265060241,95.78313253012048,92.16867469879519
MILL_MC510V,1,14,41.0,1.5,0.5,1,0.45,ok,2.781506304890696,2.777589131570969,5.712890625,2.053883758937747,2.065353844062446,ok,8.713317638678355,3.0686833364337933,9.9951171875,1.1471080938367952,3.2475850353465323,ok,1.0882492691797272,0.3965658136011382,1.8115234375,1.6646217817943303,3.680939352360218,ok,0.3796117269174418,0.0428089555639756,1.007080078125,2.652921410779724,8.002283206190762,ok,0.3073928096775067,0.0974318106562648,0.6024169921875,1.9597627960704436,2.8484328888052715,ok,0.3852866843917886,0.1234236746796375,0.6719970703125,1.7441481824672105,2.9043121501148885,usable,0.45,observed,90.0,14.4,95.18072289156626,90.36144578313254,96.98795180722891,62.8,31.6,Critical,78.0,High,acoustic_emission (97/100); motor_current (95/100); vibration (90/100),tool_wear=49.5; sensor_risk=14.5; anomaly=4.3,Schedule tool inspection/replacement and verify vibration/current signals,T+41 min,95.18072289156626,90.96385542168674,75.90361445783132,90.36144578313254,96.98795180722891,95.18072289156626
MILL_MC510V,1,15,44.0,1.5,0.5,1,0.5,ok,2.9262669548199995,2.9220876229627093,6.11328125,2.089105793963337,2.028885024948337,ok,8.80978440332564,2.9645400987069213,9.9951171875,1.1345473089813378,3.641788671389451,ok,0.7444812821491225,0.2537455622332481,1.1083984375,1.4888197515172648,4.112821752262816,ok,0.3882505123270556,0.0507194428432095,1.258544921875,3.24157955215158,12.424194613016851,ok,0.3233696879143024,0.0996576725977285,0.56640625,1.7515749656422783,3.0986929626032214,ok,0.4165565805244327,0.1299483415950894,0.7708740234375,1.850586593699087,3.381571548471541,usable,0.5,observed,100.0,31.1,97.59036144578313,92.16867469879519,99.3975903614458,79.3,20.8,Critical,87.3,Immediate,tool_wear (100/100); acoustic_emission (99/100); motor_current (98/100),tool_wear=55.0; sensor_risk=14.9; anomaly=9.3,Stop/inspect tool condition and verify sensor data before next production cycle,T+44 min,97.59036144578313,96.3855421686747,25.301204819277107,92.16867469879519,99.3975903614458,97.59036144578313
MILL_MC510V,1,16,46.0,1.5,0.5,1,,ok,2.832724142032109,2.827800875421409,6.025390625,2.1270657935210884,2.0775396235282386,ok,8.733764748285514,2.978657370703365,9.9951171875,1.1444225343327403,3.309502190494796,ok,1.090394400611135,0.4074206133728191,1.92626953125,1.766580542020955,3.3019351083327333,ok,0.3677165999037153,0.0487185786265936,1.37451171875,3.7379648324447983,41.48282061611451,ok,0.2891998337084416,0.0889947098139049,0.5401611328125,1.867778158389948,2.9544191286293,ok,0.4684591619814976,0.1598337172652992,0.9161376953125,1.95564046914025,2.815442702472205,usable,0.47,interpolated,94.0,31.7,95.78313253012048,88.55421686746988,99.3975903614458,72.5,23.9,Critical,82.7,Immediate,acoustic_emission (99/100); motor_current (96/100); tool_wear (94/100),tool_wear=51.7; sensor_risk=14.9; anomaly=9.5,Stop/inspect tool condition and verify sensor data before next production cycle,T+46 min,95.78313253012048,92.7710843373494,77.10843373493977,88.55421686746988,93.97590361445783,99.3975903614458
MILL_MC510V,1,17,48.0,1.5,0.5,1,0.44,ok,2.877442549687962,2.8736607486341783,5.9765625,2.0770397312175835,2.059984481328597,ok,8.771888823740488,2.896141145742607,9.9951171875,1.1394486852646597,3.355520888852179,ok,1.088659250336533,0.3997151607843738,1.97509765625,1.8142478058562688,3.0792250047804552,ok,0.3852679326488635,0.0562070605900016,1.417236328125,3.6785732941158193,21.745288960015344,ok,0.2964585897418209,0.0909294639364267,0.5096435546875,1.7191053736362234,2.7824954948211147,ok,0.4443202214611472,0.1474520509175456,0.843505859375,1.8984187948935396,2.7259766871460727,usable,0.44,observed,88.0,23.4,96.98795180722891,91.56626506024097,98.19277108433735,63.3,29.9,Critical,78.9,High,acoustic_emission (98/100); motor_current (97/100); vibration (92/100),tool_wear=48.4; sensor_risk=14.7; anomaly=7.0,Schedule tool inspection/replacement and verify vibration/current signals,T+48 min,96.98795180722891,93.97590361445783,76.50602409638554,91.56626506024097,96.3855421686747,98.19277108433735
MILL_MC510V,2,1,3.0,0.75,0.5,1,0.08,suspect,1.4589047343420792e+28,1.4589004685175583e+28,1.5876067210361666e+29,10.882182254018993,118.484517322886,suspect,4.943913856769407e+18,4.943011319502948e+18,3.696437586108508e+19,7.47674351373901,55.89200640937072,suspect,1.3595483309014102e+28,1.3595071317811185e+28,1.5876188102943627e+29,11.677545948232211,136.4222470688536,suspect,5.384472960694027e+32,5.384272445355623e+32,1.044564768186717e+34,19.399573102361327,375.156966922124,suspect,3.95459638572102e+32,3.9545794893104245e+32,1.0405231415464582e+34,26.31174056860787,692.6796702590711,suspect,1.7071914009474543e+26,1.641233669606195e+26,6.201735590130352e+26,3.632712528125741,11.283739756538036,suspect_sensor_record,0.08,observed,14.545454545454543,100.0,0.0,0.0,0.0,32.6,62.0,Watch,16.3,Low,anomaly (100/100); tool_wear (15/100); vibration (0/100),anomaly=30.0; tool_wear=8.0; sensor_risk=0.0,Continue operation and monitor,T+3 min,0.0,0.0,0.0,0.0,0.0,0.0
MILL_MC510V,2,2,9.0,0.75,0.5,1,0.14,ok,1.0917624977506248,1.0774265653472348,2.67578125,2.450882179512946,1.9838567366767053,ok,4.273019151901565,1.379780708738919,5.2685546875,1.2329817630595388,2.353977414387384,ok,0.8111073414306339,0.3478754362622716,1.484375,1.8300598751578605,2.484774462796341,ok,0.4710611767575871,0.1043345713734368,0.6591796875,1.399350487840821,1.8295275236467483,ok,0.1562636181406957,0.0649583059366805,0.3594970703125,2.300580740339171,2.710861356675827,ok,0.2244564403718837,0.0592609619583908,0.447998046875,1.9959242253452487,2.809264311473214,usable,0.14,observed,25.454545454545457,73.1,12.048192771084338,96.3855421686747,47.59036144578313,28.8,49.6,Degraded,45.1,Medium,vibration (96/100); anomaly (73/100); acoustic_emission (48/100),anomaly=21.9; sensor_risk=14.5; tool_wear=14.0,Increase monitoring frequency and inspect tool at next planned maintenance,T+9 min,12.048192771084338,12.048192771084338,35.54216867469879,96.3855421686747,24.69879518072289,47.59036144578313
MILL_MC510V,2,3,12.0,0.75,0.5,1,0.14,ok,1.1019304879821954,1.0871586156461126,2.6416015625,2.3972488204176856,1.980791207555768,ok,4.315258492852768,1.3773562145134362,5.3173828125,1.2322281090010687,2.358394938361742,ok,0.8297321155922336,0.3434489505566718,1.51123046875,1.821347444975678,2.559415739091958,ok,0.4685555780722182,0.0927740892007901,0.67138671875,1.4328859801666616,1.84729753903198,ok,0.1590564215403635,0.0369123064490346,0.33203125,2.0875060986686,3.010897203707834,ok,0.2229404084391076,0.0554046281321653,0.43701171875,1.9602176285928985,3.095511231547597,usable,0.14,observed,25.454545454545457,70.1,13.855421686746988,95.18072289156626,45.78313253012048,27.9,50.7,Degraded,44.4,Medium,vibration (95/100); anomaly (70/100); acoustic_emission (46/100),anomaly=21.0; sensor_risk=14.3; tool_wear=14.0,Increase monitoring frequency and inspect tool at next planned maintenance,T+12 min,13.855421686746988,13.855421686746988,36.74698795180723,95.18072289156626,27.710843373493976,45.78313253012048
MILL_MC510V,2,4,15.0,0.75,0.5,1,0.14,ok,1.17137938467075,1.15868839653364,2.6953125,2.3009731392492405,2.0020581427920154,ok,4.606252876003638,1.5356079463651722,5.6640625,1.2296464506987472,2.3185856294124125,ok,1.1310889345444133,0.4691945561830115,2.05810546875,1.8195788199246736,2.7462362410072942,ok,0.384059037971602,0.0547778820985082,0.7080078125,1.843486918671363,2.316001633692946,ok,0.1486207313545768,0.0334358579043258,0.2972412109375,1.9999983059318085,2.8518174251936044,ok,0.2156102817959354,0.0586861719688673,0.438232421875,2.0325209828709982,2.833125638285931,usable,0.14,observed,25.454545454545457,64.1,17.46987951807229,90.96385542168674,39.75903614457831,26.1,53.1,Degraded,42.4,Medium,vibration (91/100); anomaly (64/100); acoustic_emission (40/100),anomaly=19.2; tool_wear=14.0; sensor_risk=13.6,Increase monitoring frequency and inspect tool at next planned maintenance,T+15 min,17.46987951807229,17.46987951807229,80.72289156626506,90.96385542168674,18.072289156626507,39.75903614457831
MILL_MC510V,2,5,22.0,0.75,0.5,1,0.15,ok,1.2543653060486977,1.2425245440116577,3.0029296875,2.393983373915975,2.018387309729669,ok,4.926858259709729,1.6922220353640205,6.09375,1.236842969450025,2.315126996157546,ok,1.0819231881396107,0.4440959065387753,1.8798828125,1.7375381479074865,2.7677165768104737,ok,0.3398753150321794,0.0537386326238108,1.392822265625,4.098038910207496,154.39405575596197,ok,0.1079347121279889,0.066062110775885,0.242919921875,2.2506190741000456,1.3320195117168954,ok,0.2093377549144618,0.0506442911378008,0.389404296875,1.8601723183295609,2.95432604397307,usable,0.15,observed,27.27272727272727,68.3,22.89156626506024,84.93975903614458,35.54216867469879,28.2,51.8,Degraded,42.3,Medium,vibration (85/100); anomaly (68/100); acoustic_emission (36/100),anomaly=20.5; tool_wear=15.0; sensor_risk=12.7,Increase monitoring frequency and inspect tool at next planned maintenance,T+22 min,22.89156626506024,22.89156626506024,75.30120481927712,84.93975903614458,4.216867469879518,35.54216867469879
MILL_MC510V,2,6,24.0,0.75,0.5,1,,ok,1.2635593024163367,1.2517756066372066,2.8857421875,2.283820143604845,2.008070682220608,ok,4.966008017430871,1.6964247953461522,6.123046875,1.2329917417585003,2.326173170383925,ok,0.9931962886463568,0.3828262248947843,1.69677734375,1.7084008097340522,2.533006205610877,ok,0.3653275013524718,0.1092142944748185,2.320556640625,6.351990014515088,137.96239170260375,ok,0.1666358775270214,0.041688737715711,0.57373046875,3.4430188580098644,13.368649256498196,ok,0.1876865999332401,0.0733702336703294,0.367431640625,1.9576871271243508,3.5061446788524804,usable,0.1649999999999999,interpolated,29.999999999999996,40.7,24.096385542168676,87.95180722891565,34.93975903614458,21.3,58.1,Degraded,39.7,Medium,vibration (88/100); anomaly (41/100); acoustic_emission (35/100),tool_wear=16.5; sensor_risk=13.2; anomaly=12.2,Increase monitoring frequency and inspect tool at next planned maintenance,T+24 min,24.096385542168676,24.096385542168676,60.24096385542169,87.95180722891565,34.93975903614458,21.084337349397593
MILL_MC510V,2,7,27.0,0.75,0.5,1,0.18,ok,1.3405382408398925,1.33012796265049,3.03955078125,2.2674107225343687,1.9808132240545029,ok,5.301031944739233,1.8026032898579172,6.4990234375,1.225992128560635,2.414111953607132,ok,0.7811449022597422,0.304246564476695,1.318359375,1.6877270416596002,2.8215420245293656,ok,0.3413299456848293,0.1109020851212885,2.498779296875,7.320715127570302,178.25861451190022,ok,0.1659476891684234,0.0362875143473927,0.2740478515625,1.651411073779474,2.4657471399135957,ok,0.1971564381014493,0.0402951318521218,0.3350830078125,1.699579334246134,2.9143355573514835,usable,0.18,observed,32.72727272727273,18.0,28.915662650602407,85.54216867469879,34.33734939759036,15.9,63.8,Watch,37.1,Medium,vibration (86/100); acoustic_emission (34/100); tool_wear (33/100),tool_wear=18.0; sensor_risk=12.8; anomaly=5.4,Increase monitoring frequency and inspect tool at next planned maintenance,T+27 min,28.915662650602407,28.915662650602407,30.72289156626506,85.54216867469879,34.33734939759036,27.710843373493976
MILL_MC510V,2,8,33.0,0.75,0.5,1,0.22,ok,1.4482985267418524,1.4386219151987851,3.1689453125,2.1880470455402534,2.002198035906848,ok,5.689027758058642,1.941980478837932,6.9970703125,1.2299237426970284,2.458405957770553,ok,0.9309161981145446,0.3709523719526386,1.64794921875,1.770244434553773,2.5470565857952767,ok,0.3650111063954172,0.1579248775555175,2.498779296875,6.845762370203667,106.72190905120834,ok,0.1756450399670008,0.0398627371992056,0.3033447265625,1.7270326939933147,2.540102216704046,ok,0.2220165851992947,0.0506245371060866,0.423583984375,1.9078934305419528,2.905534172836987,usable,0.22,observed,40.0,18.6,36.74698795180723,87.34939759036145,43.97590361445783,20.3,59.3,Degraded,41.9,Medium,vibration (87/100); acoustic_emission (44/100); tool_wear (40/100),tool_wear=22.0; sensor_risk=13.1; anomaly=5.6,Increase monitoring frequency and inspect tool at next planned maintenance,T+33 min,36.74698795180723,36.74698795180723,50.602409638554214,87.34939759036145,39.75903614457831,43.97590361445783
MILL_MC510V,2,9,39.0,0.75,0.5,1,0.26,ok,1.6114087315187269,1.603090193239153,3.64013671875,2.2589779039592086,2.0016627962372064,ok,6.354639430151261,2.200690573080385,7.79296875,1.226343183693945,2.468482225306599,ok,0.8853556200561855,0.3351093010044692,1.95068359375,2.2032769088019166,2.9343419211240933,ok,0.3159292728393859,0.0927917226080846,2.489013671875,7.878388885896314,251.24426211214248,ok,0.1824578842121406,0.0417926757125104,0.341796875,1.873291891298736,2.672097974277306,ok,0.2807269936432068,0.0775897850417849,0.540771484375,1.9263252078294024,2.9155044137519432,usable,0.26,observed,47.27272727272727,44.9,49.39759036144578,74.69879518072288,71.6867469879518,33.1,49.3,Degraded,49.8,Medium,vibration (75/100); acoustic_emission (72/100); motor_current (49/100),tool_wear=26.0; anomaly=13.5; sensor_risk=11.2,Increase monitoring frequency and inspect tool at next planned maintenance,T+39 min,48.795180722891565,49.39759036144578,46.98795180722892,74.69879518072288,43.97590361445783,71.6867469879518
MILL_MC510V,2,10,45.0,0.75,0.5,1,0.31,ok,1.7108133179041465,1.7032291497901368,4.0625,2.3746015754509338,2.061264443317586,ok,6.793693122949326,2.6755607571049977,8.4814453125,1.248429265055871,2.379770504433124,ok,0.8381864573335103,0.3701359753298208,1.767578125,2.108812555408039,2.3979573749621137,ok,0.3377097437643022,0.0418544606088999,2.03125,6.0147805549005895,401.8665562308439,ok,0.2005197085311851,0.0563520623079786,0.3564453125,1.7776073739045335,2.361460050224847,ok,0.3006826312019536,0.1020502103896046,0.560302734375,1.863435650184959,2.4468438702328683,usable,0.31,observed,56.36363636363636,37.7,56.62650602409639,84.33734939759037,78.91566265060241,37.7,45.0,Degraded,56.3,Medium,vibration (84/100); acoustic_emission (79/100); motor_current (57/100),tool_wear=31.0; sensor_risk=12.7; anomaly=11.3,Increase monitoring frequency and inspect tool at next planned maintenance,T+45 min,56.024096385542165,56.62650602409639,39.1566265060241,84.33734939759037,57.831325301204814,78.91566265060241
MILL_MC510V,2,11,51.0,0.75,0.5,1,0.38,ok,1.8974771394777945,1.8906052415478352,4.27734375,2.2542267630032766,1.9753349923275405,ok,7.5249904180841,2.610087495666785,9.1552734375,1.2166491821035117,2.839443069411791,ok,0.5716289260675302,0.2048881352948095,1.25732421875,2.199546176568512,3.112128970237162,ok,0.3372571950410777,0.0375266401123215,1.43310546875,4.249295462981003,118.9190149925023,ok,0.2135205861285371,0.054392538581268,0.364990234375,1.7093913097146065,2.7818812742151047,ok,0.3400325857060924,0.1053152860294515,0.6268310546875,1.8434440728203,2.8445459243830817,usable,0.38,observed,69.09090909090908,76.0,66.26506024096386,83.73493975903614,89.7590361445783,60.1,25.7,Critical,69.9,High,acoustic_emission (90/100); vibration (84/100); anomaly (76/100),tool_wear=38.0; anomaly=22.8; sensor_risk=13.5,Schedule tool inspection/replacement and verify vibration/current signals,T+51 min,66.26506024096386,66.26506024096386,11.44578313253012,83.73493975903614,64.45783132530121,89.7590361445783
MILL_MC510V,2,12,59.0,0.75,0.5,1,0.43,ok,1.917503042109515,1.910561701650182,4.42138671875,2.305804278612025,1.9872924502050844,ok,7.591311396979317,2.59045593800727,9.453125,1.2452558597135506,2.7193356044464347,ok,0.8329363521102626,0.2831778678113735,1.6796875,2.0165856559657387,3.691688695996932,ok,0.3243999929565029,0.053821970811293,2.158203125,6.65290743481221,388.5114204138491,ok,0.2316204777226257,0.0572453432247915,0.4583740234375,1.9789874709801836,3.1488959935907093,ok,0.3645049214623718,0.1079820369862782,0.675048828125,1.8519608059471264,3.17662506073582,usable,0.43,observed,78.18181818181817,69.5,68.07228915662651,81.32530120481928,93.37349397590361,66.9,22.1,Critical,73.3,High,acoustic_emission (93/100); vibration (81/100); tool_wear (78/100),tool_wear=43.0; anomaly=20.8; sensor_risk=14.0,Schedule tool inspection/replacement and verify vibration/current signals,T+59 min,68.07228915662651,68.07228915662651,37.34939759036144,81.32530120481928,75.90361445783132,93.37349397590361
MILL_MC510V,2,13,66.0,0.75,0.5,1,0.48,ok,2.1408223932837305,2.1350124182044787,4.7705078125,2.2283529112288765,1.9444153123783676,ok,8.41954251641666,2.811626491892703,9.9951171875,1.187133050045184,3.2127020422302066,ok,0.5397787026404652,0.184092014321542,1.24755859375,2.311240861569636,3.459847532548828,ok,0.2844296900009171,0.0177495947688593,1.309814453125,4.6050553059920425,1308.3317518516717,ok,0.2510142154214076,0.0667539511782819,0.455322265625,1.8139301985697585,3.082500847613977,ok,0.4127827455796755,0.129783984395323,0.7623291015625,1.8468046683736885,3.0818557159621505,usable,0.48,observed,87.27272727272727,94.6,77.71084337349397,35.54216867469879,96.98795180722891,83.9,9.1,Critical,72.2,High,acoustic_emission (97/100); anomaly (95/100); tool_wear (87/100),tool_wear=48.0; anomaly=28.4; sensor_risk=14.5,Schedule tool inspection/replacement and verify vibration/current signals,T+66 min,75.90361445783132,77.71084337349397,7.228915662650602,35.54216867469879,81.92771084337349,96.98795180722891
MILL_MC510V,2,14,72.0,0.75,0.5,1,0.55,ok,2.1554356930926164,2.149627801041138,4.9267578125,2.285736395795139,2.029467252537985,ok,8.379030291615553,3.2743408504888256,9.9951171875,1.1928727835606927,2.7130804304538323,ok,0.4777951355517661,0.1949017006882538,0.9912109375,2.074552174653804,2.70206006933372,ok,0.2770374319829872,0.0153496491770125,1.12548828125,4.06258559787348,1088.4765286339648,ok,0.263714358749376,0.0842128885711894,0.479736328125,1.8191513363104503,2.6590254700473066,ok,0.3739071791761704,0.1311416374886244,0.97900390625,2.6183073253753,2.8024569360321343,usable,0.55,observed,100.0,94.0,77.10843373493977,21.084337349397593,93.97590361445783,98.2,2.7,Critical,75.3,High,tool_wear (100/100); anomaly (94/100); acoustic_emission (94/100),tool_wear=55.0; anomaly=28.2; sensor_risk=14.1,Schedule tool inspection/replacement and verify vibration/current signals,T+72 min,77.10843373493977,76.50602409638554,3.614457831325301,21.084337349397593,85.54216867469879,93.97590361445783
MILL_MC510V,3,1,0.0,0.75,0.25,1,0.0,ok,0.8833888570261476,0.8639869776060685,2.10205078125,2.379530559536367,1.803417818085524,ok,3.4247600603636026,0.517663859676958,3.8720703125,1.1306106834496827,8.923990283044116,ok,1.3218245639202302,0.5985827247657463,2.71728515625,2.0557078680616256,1.6741326385554856,ok,0.2836985009583498,0.0125307065653538,0.3564453125,1.2564229676739596,3.779607582407004,ok,0.1370201452045698,0.0207757061137598,0.2423095703125,1.7684229567044003,3.952709593643307,ok,0.1927358426185633,0.0468096755455432,0.4473876953125,2.3212480316678192,4.109224741513355,usable,0.0,observed,0.0,66.5,3.614457831325301,90.36144578313254,23.49397590361446,20.0,66.5,Watch,35.5,Medium,vibration (90/100); anomaly (66/100); acoustic_emission (23/100),anomaly=19.9; sensor_risk=13.6; tool_wear=0.0,Increase monitoring frequency and inspect tool at next planned maintenance,T+0 min,3.614457831325301,3.614457831325301,90.36144578313254,33.13253012048193,11.44578313253012,23.49397590361446
MILL_MC510V,3,2,3.0,0.75,0.25,1,0.13,ok,0.873258543324694,0.8559848918440002,2.216796875,2.5385344259646305,1.939803216739665,ok,3.385372563001481,0.8045656167935906,3.984375,1.1769384095398543,4.200648156585707,ok,0.9935833264708456,0.4987830582695816,1.94580078125,1.9583669828271184,1.7929412513640244,ok,0.2906197420394329,0.0142580488757276,0.3759765625,1.2937062013071765,4.229895662322774,ok,0.1392907429323216,0.0237480273703299,0.2557373046875,1.835996415138092,3.680483154353932,ok,0.1714678060211976,0.0316338168102421,0.2880859375,1.6801167763393747,2.632241497382157,usable,0.13,observed,23.636363636363637,43.1,1.8072289156626504,60.8433734939759,12.650602409638553,19.0,64.9,Watch,26.2,Low,vibration (61/100); anomaly (43/100); tool_wear (24/100),tool_wear=13.0; anomaly=12.9; sensor_risk=9.1,Continue operation and monitor,T+3 min,1.8072289156626504,1.8072289156626504,60.8433734939759,47.59036144578313,12.650602409638553,11.44578313253012
MILL_MC510V,3,3,9.0,0.75,0.25,1,0.13,ok,0.9408409028583632,0.9239479336692294,2.3779296875,2.527451432301784,1.9786407808871749,ok,3.653180004177497,0.951725989238622,4.3603515625,1.1935769815647306,3.768498233528698,ok,0.8441077192260492,0.3849717255809871,1.5625,1.8510670669269365,1.744743471566954,ok,0.2858784334336751,0.0126163142310004,0.35888671875,1.2553822771384668,4.323294037736817,ok,0.1439129764762636,0.0238568500435174,0.24658203125,1.7134106825242177,2.827056555325534,ok,0.1783012438668156,0.0320737395229673,0.3070068359375,1.7218434895782375,2.31748333122494,usable,0.13,observed,23.636363636363637,22.2,4.819277108433735,40.36144578313253,16.265060240963855,12.7,74.3,Watch,18.8,Low,vibration (40/100); tool_wear (24/100); anomaly (22/100),tool_wear=13.0; anomaly=6.7; sensor_risk=6.1,Continue operation and monitor,T+9 min,4.819277108433735,4.819277108433735,40.36144578313253,37.95180722891566,16.265060240963855,15.060240963855422
MILL_MC510V,3,5,21.0,0.75,0.25,1,0.17,ok,1.0148148564301034,1.0022419402550424,2.42431640625,2.3889248278999635,1.861992471701562,ok,3.983379864387661,0.9076762467699586,4.6044921875,1.1559259584214077,5.170192277697368,ok,0.8718585531976726,0.3502396560039555,1.6796875,1.9265596395625948,2.2935819894677607,ok,0.3228403244734504,0.0158162791159201,0.377197265625,1.1683709779409894,3.2437051439497946,ok,0.1586010146969682,0.0275217375725577,0.2972412109375,1.8741444467020032,3.8081428758795655,ok,0.1984055703466059,0.0371047556167158,0.3326416015625,1.6765739035437006,2.7631551790447326,usable,0.17,observed,30.909090909090907,58.7,9.036144578313253,80.12048192771084,28.915662650602407,27.1,53.4,Degraded,37.8,Medium,vibration (80/100); anomaly (59/100); tool_wear (31/100),anomaly=17.6; tool_wear=17.0; sensor_risk=12.0,Increase monitoring frequency and inspect tool at next planned maintenance,T+21 min,9.036144578313253,9.036144578313253,44.57831325301205,80.12048192771084,27.10843373493976,28.915662650602407
MILL_MC510V,3,6,27.0,0.75,0.25,1,0.19,ok,1.0966996812078291,1.0845324154382374,2.529296875,2.3062803047522555,1.8025128479112429,ok,4.30371213564351,0.8184608693691918,4.8974609375,1.137962015846251,7.908826556294309,ok,1.0570118150085814,0.3558939218464472,1.85791015625,1.7577004626321595,2.4573964542852176,ok,0.320399904860598,0.0156271023636926,0.391845703125,1.2229894490582456,3.1534183816612016,ok,0.1576679184860075,0.0236090458935988,0.28076171875,1.7807155789472529,3.2810937317012865,ok,0.2266162567380823,0.0465836711894719,0.487060546875,2.149274521976522,3.016015889762617,usable,0.19,observed,34.54545454545454,62.9,12.650602409638553,78.91566265060241,51.204819277108435,30.4,50.3,Degraded,41.9,Medium,vibration (79/100); anomaly (63/100); acoustic_emission (51/100),tool_wear=19.0; anomaly=18.9; sensor_risk=11.8,Increase monitoring frequency and inspect tool at next planned maintenance,T+27 min,12.650602409638553,12.650602409638553,72.89156626506023,78.91566265060241,25.903614457831324,51.204819277108435
MILL_MC510V,3,7,33.0,0.75,0.25,1,0.2,ok,1.065757468098253,1.052524535303474,2.41455078125,2.2655724717146764,1.852853673533916,ok,4.174204587324349,1.0469612339078205,4.892578125,1.1720983058319512,4.690354649674156,ok,0.7618610729488071,0.302558038584752,1.6064453125,2.108580382352513,2.7466259096363586,ok,0.3081436571521457,0.0162764586783781,0.38330078125,1.2439028756626382,3.2454660963706123,ok,0.1652110157681097,0.0282627190645397,0.2996826171875,1.813938470097664,3.2471799524073743,ok,0.2091905561168878,0.0355311012643536,0.347900390625,1.6630788553807525,2.932586951075962,usable,0.2,observed,36.36363636363636,43.7,11.44578313253012,68.07228915662651,34.93975903614458,25.6,56.7,Degraded,35.0,Medium,vibration (68/100); anomaly (44/100); tool_wear (36/100),tool_wear=20.0; anomaly=13.1; sensor_risk=10.2,Increase monitoring frequency and inspect tool at next planned maintenance,T+33 min,11.44578313253012,11.44578313253012,26.506024096385545,68.07228915662651,33.13253012048193,34.93975903614458
MILL_MC510V,3,8,39.0,0.75,0.25,1,0.23,ok,1.2264003859807036,1.2147093771936437,2.80517578125,2.287324607293339,1.865064264933986,ok,4.813471139351122,1.1314834416056214,5.48828125,1.1401919926622237,5.882867017229316,ok,0.6548533366921584,0.1907998975317608,1.2646484375,1.9311933934492125,2.982540930356182,ok,0.2818164175700399,0.0148460286785221,1.0107421875,3.5865269887806077,694.6863189840146,ok,0.1646444072559459,0.0258298397176508,0.269775390625,1.638533583494187,2.9117494375295148,ok,0.2173927525542849,0.037045994073927,0.350341796875,1.611561529798032,2.9793019836179844,usable,0.23,observed,41.81818181818181,11.4,20.481927710843372,30.120481927710845,40.963855421686745,19.3,67.4,Watch,24.3,Low,tool_wear (42/100); acoustic_emission (41/100); vibration (30/100),tool_wear=23.0; sensor_risk=6.1; anomaly=3.4,Continue operation and monitor,T+39 min,20.481927710843372,20.481927710843372,18.67469879518072,30.120481927710845,31.32530120481928,40.963855421686745
MILL_MC510V,3,9,45.0,0.75,0.25,1,0.23,ok,1.2029180794670038,1.1918970652353509,3.18359375,2.6465590669382566,2.140663841404826,ok,4.7271593651247725,1.769211180924401,5.966796875,1.2622373002737226,2.0475972473454,ok,0.7324813814079002,0.3098064492407136,1.25,1.7065280179486233,1.8953214145712236,ok,0.2755801292099935,0.0250421901400477,1.397705078125,5.071864514058885,970.8365388066128,ok,0.1673926050998077,0.0326534793673166,0.2679443359375,1.600693983919646,2.3170089441690385,ok,0.2241972791712641,0.0501534770153674,0.3594970703125,1.6034854287249267,2.2709884774782214,usable,0.23,observed,41.81818181818181,6.6,19.879518072289155,24.69879518072289,46.98795180722892,17.9,68.0,Watch,22.8,Low,acoustic_emission (47/100); tool_wear (42/100); vibration (25/100),tool_wear=23.0; sensor_risk=7.0; anomaly=2.0,Continue operation and monitor,T+45 min,19.879518072289155,19.879518072289155,24.69879518072289,17.46987951807229,36.144578313253014,46.98795180722892
MILL_MC510V,3,10,51.0,0.75,0.25,1,0.26,ok,1.433173594519009,1.4240727649325449,3.359375,2.344011229934155,1.8604090476453048,ok,5.632828416477055,1.4663842795733075,6.5625,1.1650452516540928,5.244909467966506,ok,0.5802983195381681,0.1542309131895769,0.9375,1.6155483626843796,3.918277150323583,ok,0.2934486874596473,0.0364589454899717,2.000732421875,6.817997514960111,1128.389507932017,ok,0.1935279100998652,0.0372335825078982,0.367431640625,1.8985976773763409,3.9469216094524486,ok,0.2631225153331779,0.0492066187273122,0.44189453125,1.679425003553091,4.101192649872855,usable,0.26,observed,47.27272727272727,44.3,34.93975903614458,51.80722891566265,65.06024096385542,32.9,51.0,Degraded,41.1,Medium,acoustic_emission (65/100); vibration (52/100); tool_wear (47/100),tool_wear=26.0; anomaly=13.3; sensor_risk=9.8,Increase monitoring frequency and inspect tool at next planned maintenance,T+51 min,34.93975903614458,34.93975903614458,12.650602409638553,51.80722891566265,52.40963855421686,65.06024096385542
MILL_MC510V,3,11,57.0,0.75,0.25,1,0.28,ok,1.480649533245442,1.4717005191126298,3.388671875,2.288638735170548,1.8844879659737208,ok,5.816409304261998,1.6099623343337872,6.9091796875,1.1878771465474554,4.6778122862709255,ok,0.7680869045110397,0.2288724621923106,1.15966796875,1.5098134884707208,5.091606523489532,ok,0.2715341374494522,0.0275085649464186,1.35498046875,4.990092521966039,683.1388519906913,ok,0.1957194421758892,0.0361514797567716,0.3289794921875,1.6808728275966147,3.286944065930544,ok,0.3015562680692548,0.0672192031358941,0.5169677734375,1.7143327072779,3.69795888539267,usable,0.28,observed,50.909090909090914,28.7,40.963855421686745,28.915662650602407,80.12048192771084,30.8,51.4,Degraded,36.8,Medium,acoustic_emission (80/100); tool_wear (51/100); motor_current (41/100),tool_wear=28.0; sensor_risk=12.0; anomaly=8.6,Increase monitoring frequency and inspect tool at next planned maintenance,T+57 min,40.963855421686745,40.36144578313253,28.915662650602407,9.63855421686747,54.81927710843374,80.12048192771084
MILL_MC510V,3,12,63.0,0.75,0.25,1,0.33,ok,1.6006088928599878,1.5930381461569376,3.5791015625,2.2360875154845483,1.8614329909169711,ok,6.308577169705581,1.8321844106579437,7.685546875,1.2182694557348916,4.425942919849825,ok,0.5595420393829275,0.1564259731327494,0.8251953125,1.474769104763897,5.347661090246172,ok,0.2634951915522406,0.0191294499124127,1.1376953125,4.317708060604676,803.4583121616196,ok,0.2177167666663556,0.044455285935063,0.3948974609375,1.813812812776402,3.39998498242662,ok,0.2849104347241532,0.0566730104915007,0.4901123046875,1.7202329046329965,4.3419962547313,usable,0.33,observed,59.99999999999999,54.5,48.19277108433735,10.240963855421686,74.09638554216868,45.7,39.5,Critical,40.0,Medium,acoustic_emission (74/100); tool_wear (60/100); anomaly (54/100),tool_wear=33.0; anomaly=16.3; sensor_risk=11.1,Increase monitoring frequency and inspect tool at next planned maintenance,T+63 min,48.19277108433735,48.19277108433735,10.240963855421686,1.8072289156626504,68.67469879518072,74.09638554216868
MILL_MC510V,3,14,69.0,0.75,0.25,1,0.36,ok,1.579040378739643,1.5709616359729288,3.4130859375,2.161493767640124,1.8396142344187352,ok,6.2104953824437565,1.815665834499549,7.333984375,1.180901671021448,4.716609153123424,ok,0.5244028366090226,0.1269553892786117,0.7568359375,1.4432338741577566,4.880308414295819,ok,0.2363923009323488,0.0195691215400168,0.93994140625,3.976192974723901,244.924096956336,ok,0.2166862907409851,0.0433621144269433,0.3802490234375,1.754836552582249,3.7418915783358018,ok,0.3851907199904394,0.1056849667333034,0.8038330078125,2.0868441685987777,3.745518890843983,usable,0.36,observed,65.45454545454545,85.6,45.78313253012048,6.024096385542169,94.57831325301204,59.7,24.1,Critical,47.7,Medium,acoustic_emission (95/100); anomaly (86/100); tool_wear (65/100),tool_wear=36.0; anomaly=25.7; sensor_risk=14.2,Increase monitoring frequency and inspect tool at next planned maintenance,T+69 min,45.18072289156627,45.78313253012048,6.024096385542169,0.6024096385542169,67.46987951807229,94.57831325301204
MILL_MC510V,3,15,75.0,0.75,0.25,1,0.44,ok,1.7049185891010925,1.6972110752062055,3.7841796875,2.2195662078463023,1.934804840276716,ok,6.723268897585168,2.3034386600940047,8.4130859375,1.2513386071053203,3.357678167315456,ok,0.6215650091498339,0.1846330076314665,0.93017578125,1.4965060252036744,3.529819062116452,ok,0.2650407786553098,0.0171363351496937,0.960693359375,3.6247001847997655,504.4869895007111,ok,0.2402025279203505,0.0578916512657645,0.4302978515625,1.7913960160460605,3.1610327620069647,ok,0.3314592789231468,0.0913904451285563,0.65185546875,1.9666230822253568,3.312879679572573,usable,0.44,observed,80.0,67.1,55.42168674698795,15.66265060240964,87.34939759036145,68.0,22.8,Critical,55.0,Medium,acoustic_emission (87/100); tool_wear (80/100); anomaly (67/100),tool_wear=44.0; anomaly=20.1; sensor_risk=13.1,Increase monitoring frequency and inspect tool at next planned maintenance,T+75 min,55.42168674698795,55.42168674698795,15.66265060240964,3.0120481927710845,77.71084337349397,87.34939759036145
MILL_MC510V,3,16,81.0,0.75,0.25,1,0.55,ok,1.8873011037594316,1.881135111279054,3.91357421875,2.073635314975568,1.811181146892276,ok,7.441756436709631,2.1746021922730696,8.6376953125,1.1607065329214123,5.002674676749584,ok,0.5232926701330739,0.1214721733741667,0.8203125,1.5675979176047432,5.134328855296382,ok,0.2793505897828764,0.0314331052475222,2.498779296875,8.944958014258058,3098.5023344037213,ok,0.2450841817295568,0.0512534748469442,0.4510498046875,1.8403872559322485,3.7136824408166,ok,0.3199841714905934,0.0686489652706719,0.5792236328125,1.8101633906217056,4.198348457029848,usable,0.55,observed,100.0,77.2,65.66265060240963,24.096385542168676,83.13253012048193,93.2,9.4,Critical,70.8,High,tool_wear (100/100); acoustic_emission (83/100); anomaly (77/100),tool_wear=55.0; anomaly=23.2; sensor_risk=12.5,Schedule tool inspection/replacement and verify vibration/current signals,T+81 min,65.66265060240963,65.66265060240963,5.421686746987952,24.096385542168676,79.51807228915662,83.13253012048193
MILL_MC510V,4,1,3.0,1.5,0.25,1,0.08,ok,1.2369948065588852,1.2257559909443287,2.96142578125,2.3940486779292165,2.005973725012322,ok,4.853642532255271,1.447135256201787,5.9521484375,1.2263260835430905,3.7854789153446937,ok,1.4774298090272306,0.6570424294397237,2.67822265625,1.812757966492894,2.090107228436788,ok,0.2997378094883323,0.0141329484191637,0.386962890625,1.2910045992671877,3.925635152948082,ok,0.1798370973306846,0.0464971021412304,0.40771484375,2.2671342553868423,4.261414409467718,ok,0.2277061752837733,0.0627193657040686,0.5224609375,2.294452211700457,3.918275549444974,usable,0.08,observed,16.3265306122449,74.3,21.084337349397593,92.7710843373494,51.80722891566265,25.5,54.8,Degraded,44.3,Medium,vibration (93/100); anomaly (74/100); acoustic_emission (52/100),anomaly=22.3; sensor_risk=13.9; tool_wear=9.0,Increase monitoring frequency and inspect tool at next planned maintenance,T+3 min,21.084337349397593,21.084337349397593,92.7710843373494,58.43373493975904,42.168674698795186,51.80722891566265
MILL_MC510V,4,2,9.0,1.5,0.25,1,0.13,ok,1.442762471869102,1.434131781641015,3.349609375,2.3216637806348346,2.008796995340851,ok,5.663841013586261,1.6479977427697383,6.7626953125,1.194012207665548,4.10829374219427,ok,1.1224998411179894,0.4523620950787998,1.97021484375,1.7552027818426652,2.1481418220958863,ok,0.2895309901786728,0.0137998961842342,0.384521484375,1.3280840304396413,5.551086184200256,ok,0.1832080073588333,0.0356038185360791,0.3106689453125,1.6957170692999486,2.498178800927267,ok,0.238718111377814,0.0531055090462417,0.4388427734375,1.8383304513544625,2.4886506326729574,usable,0.13,observed,26.53061224489796,19.2,36.144578313253014,80.12048192771084,59.036144578313255,13.1,67.6,Watch,37.9,Medium,vibration (80/100); acoustic_emission (59/100); motor_current (36/100),tool_wear=14.6; sensor_risk=12.0; anomaly=5.8,Increase monitoring frequency and inspect tool at next planned maintenance,T+9 min,36.144578313253014,35.54216867469879,80.12048192771084,45.78313253012048,45.78313253012048,59.036144578313255
MILL_MC510V,4,3,15.0,1.5,0.25,1,0.2,ok,1.4607539362510804,1.451995092097737,3.408203125,2.3331808598404837,1.95311982830158,ok,5.732656070532782,1.6534568871912894,6.865234375,1.197566065455722,4.28651492540946,ok,1.5295578538096877,0.5059197071895637,2.392578125,1.564228590006722,2.8315381005910862,ok,0.2860020320917584,0.0154970561918556,0.406494140625,1.4212980853687176,5.264495515803862,ok,0.1921437472995692,0.0399154120010312,0.4052734375,2.1092200146697118,3.257321867676836,ok,0.288456336807291,0.0772671593749426,0.716552734375,2.4840942733430853,3.028933541349609,usable,0.2,observed,40.81632653061224,48.5,38.55421686746988,93.37349397590361,75.90361445783132,29.8,49.0,Degraded,51.6,Medium,vibration (93/100); acoustic_emission (76/100); anomaly (48/100),tool_wear=22.4; anomaly=14.5; sensor_risk=14.0,Increase monitoring frequency and inspect tool at next planned maintenance,T+15 min,38.55421686746988,37.95180722891566,93.37349397590361,38.55421686746988,51.80722891566265,75.90361445783132
MILL_MC510V,4,4,21.0,1.5,0.25,1,0.31,ok,1.640442172565889,1.6332471640728974,3.82568359375,2.3321051224644784,1.9327286462826985,ok,6.449318239946615,1.8832564104738203,7.6416015625,1.1848696681096125,4.551355993885343,ok,0.9600989465777496,0.3305230878854873,1.58203125,1.6477793831953111,3.7375889113812817,ok,0.2886369932760477,0.0143560091209955,0.379638671875,1.315280718402594,4.3226451245096325,ok,0.2157378734983299,0.0457508084632114,0.377197265625,1.7484054121177364,3.0471445660162457,ok,0.2700633567791661,0.0570405757439709,0.435791015625,1.613662145137808,2.971017559393017,usable,0.31,observed,63.26530612244898,7.2,51.80722891566265,54.81927710843374,66.26506024096386,34.3,53.1,Degraded,45.3,Medium,acoustic_emission (66/100); tool_wear (63/100); vibration (55/100),tool_wear=34.8; sensor_risk=9.9; anomaly=2.2,Increase monitoring frequency and inspect tool at next planned maintenance,T+21 min,51.80722891566265,51.204819277108435,54.81927710843374,44.57831325301205,65.66265060240963,66.26506024096386
MILL_MC510V,4,5,27.0,1.5,0.25,1,0.35,ok,1.683053329836222,1.6759518949887977,3.91357421875,2.3252823599644965,1.9771722788580317,ok,6.618552013890526,2.0274469583523675,7.91015625,1.1951490648403995,4.372999780679361,ok,0.783780416185408,0.2866460354895287,1.59423828125,2.034036891361725,3.148607107377242,ok,0.2791170414188015,0.0135995483022632,0.391845703125,1.4038759551612283,7.526831171490638,ok,0.2108038393452265,0.0435659646166576,0.406494140625,1.9283052049036429,3.348065165162144,ok,0.3283769966329676,0.0845536298439154,0.6365966796875,1.938615329980303,3.088645234570131,usable,0.35,observed,71.42857142857143,72.5,54.21686746987952,32.53012048192771,86.74698795180723,61.3,26.0,Critical,55.6,Medium,acoustic_emission (87/100); anomaly (72/100); tool_wear (71/100),tool_wear=39.3; anomaly=21.8; sensor_risk=13.0,Increase monitoring frequency and inspect tool at next planned maintenance,T+27 min,54.21686746987952,54.21686746987952,32.53012048192771,22.89156626506024,63.25301204819277,86.74698795180723
MILL_MC510V,4,6,34.0,1.5,0.25,1,0.4,ok,1.9942595232734757,1.988234703071472,4.6435546875,2.3284605806347174,1.9795818991059169,ok,7.917881342576842,2.6339220011103275,9.7705078125,1.2339800749424965,3.79998125151988,ok,1.1053008522285417,0.4301520789112016,1.80419921875,1.6323150526037191,3.2039125514875426,ok,0.2976491324284918,0.0158929542158523,0.80078125,2.690353045761664,200.6197992908838,ok,0.2784670606863079,0.0761641004186665,0.5908203125,2.1216883283852206,3.188787815766757,ok,0.3358755366279645,0.0941006710660741,0.704345703125,2.09704377459046,3.219522237697528,usable,0.4,observed,81.63265306122449,81.4,69.87951807228916,77.71084337349397,88.55421686746988,74.0,17.4,Critical,75.8,High,acoustic_emission (89/100); tool_wear (82/100); anomaly (81/100),tool_wear=44.9; anomaly=24.4; sensor_risk=13.3,Schedule tool inspection/replacement and verify vibration/current signals,T+34 min,69.27710843373494,69.87951807228916,77.71084337349397,55.42168674698795,88.55421686746988,88.55421686746988
MILL_MC510V,4,7,39.0,1.5,0.25,1,0.49,ok,2.1057161837295606,2.099518366511977,4.8291015625,2.293329746815449,1.9185287859064395,ok,8.342042161776957,2.55037009154718,9.9951171875,1.1981619121150209,4.713827549830987,ok,0.7654446084438004,0.2652151311297466,1.259765625,1.6457959349397486,3.713771249854786,ok,0.2867658608746,0.0223346450048916,1.119384765625,3.9034798710247904,420.5969426597597,ok,0.2837182399791483,0.0710382355803924,0.5462646484375,1.9253772632867097,3.7491719078442456,ok,0.3380083143750071,0.0833619369516695,0.62255859375,1.8418440235687616,4.157719622625901,usable,0.49,observed,100.0,68.9,75.90361445783132,39.75903614457831,90.96385542168674,90.7,10.7,Critical,75.8,High,tool_wear (100/100); acoustic_emission (91/100); motor_current (76/100),tool_wear=55.0; anomaly=20.7; sensor_risk=13.6,Schedule tool inspection/replacement and verify vibration/current signals,T+39 min,74.69879518072288,75.90361445783132,27.710843373493976,39.75903614457831,90.96385542168674,89.1566265060241
MILL_MC510V,9,1,1.0,1.5,0.5,1,0.0,ok,1.415890564522393,1.406402059660537,3.291015625,2.324343213705784,2.0878493385441157,ok,5.585457877054874,2.1039278466844107,7.0947265625,1.2702139589386126,2.190505755756184,ok,2.014657007288451,0.8431505577753048,3.26171875,1.6189945674119308,2.8565339229949247,ok,0.3116428899599031,0.0188382788144027,0.380859375,1.222101922645437,2.784610144880392,ok,0.1785433476182348,0.0332366342033462,0.3045654296875,1.7058346544337364,2.4614976207179584,ok,0.2207963970509605,0.0475662972571967,0.4168701171875,1.888029527444676,2.8828675719913,usable,0.0,observed,0.0,91.6,34.33734939759036,99.3975903614458,42.168674698795186,27.5,57.6,Degraded,48.0,Medium,vibration (99/100); anomaly (92/100); acoustic_emission (42/100),anomaly=27.5; sensor_risk=14.9; tool_wear=0.0,Increase monitoring frequency and inspect tool at next planned maintenance,T+1 min,34.33734939759036,34.33734939759036,99.3975903614458,72.28915662650603,41.566265060240966,42.168674698795186
MILL_MC510V,9,2,3.0,1.5,0.5,1,0.1,ok,1.412033892980085,1.4022790073352112,3.408203125,2.413683653020965,2.0740433776386022,ok,5.569614723733342,2.081045264907094,7.3486328125,1.3194149285020658,2.2441677818924504,ok,1.5423501237409871,0.6461659420568979,2.43896484375,1.581330209143876,2.8600804149702026,ok,0.3083597350200996,0.0194705708876459,0.39794921875,1.290535610048991,3.0924260375401342,ok,0.1854056787047864,0.0362061257276283,0.3131103515625,1.6887851210823128,2.3994983055026093,ok,0.2227801304573827,0.0476568807753872,0.4156494140625,1.8657382649308885,2.5352263380126274,usable,0.1,observed,12.34567901234568,92.8,33.734939759036145,93.97590361445783,48.19277108433735,29.8,51.3,Degraded,48.3,Medium,vibration (94/100); anomaly (93/100); acoustic_emission (48/100),anomaly=27.8; sensor_risk=14.1; tool_wear=6.8,Increase monitoring frequency and inspect tool at next planned maintenance,T+3 min,33.734939759036145,33.13253012048193,93.97590361445783,69.27710843373494,48.19277108433735,44.57831325301205
MILL_MC510V,9,3,9.0,1.5,0.5,1,0.14,ok,1.765389680137726,1.7588353820827052,3.96728515625,2.247257475719608,2.0968855145917376,ok,7.02008544266397,2.7598706402521143,8.857421875,1.2617256509683648,2.204117064502371,ok,1.61363135175392,0.6479551582062572,2.7294921875,1.6915215390005374,2.9849574020791394,ok,0.3543653218526766,0.024013446038053,0.455322265625,1.2848950999020448,3.159879716642693,ok,0.1960740943529406,0.0445463075753672,0.3594970703125,1.8334756128647896,2.580211945420391,ok,0.2569879013799079,0.0677241746955288,0.4962158203125,1.9308917565617536,2.85291176200928,usable,0.14,observed,17.283950617283953,88.6,60.24096385542169,95.18072289156626,63.25301204819277,30.1,49.6,Degraded,54.2,Medium,vibration (95/100); anomaly (89/100); acoustic_emission (63/100),anomaly=26.6; sensor_risk=14.3; tool_wear=9.5,Increase monitoring frequency and inspect tool at next planned maintenance,T+9 min,58.43373493975904,60.24096385542169,95.18072289156626,86.14457831325302,55.42168674698795,63.25301204819277
MILL_MC510V,9,4,16.0,1.5,0.5,1,0.19,ok,2.0123117407878865,2.006292190333912,4.5556640625,2.263895782228077,2.0899888183876487,ok,7.998000649119506,3.1417029561537326,9.9951171875,1.2497019725297354,2.2046163615022856,ok,1.7086114713213685,0.6802574252291471,2.861328125,1.6746511263824622,2.88887078930954,ok,0.3317555089153156,0.0153189988280429,0.400390625,1.2068846311185066,3.450414087503999,ok,0.209917040235531,0.0505882438411387,0.338134765625,1.6108018922332143,2.586119931405721,ok,0.2752602700816822,0.0723328273207037,0.5303955078125,1.926887260748457,2.936730719502975,usable,0.19,observed,23.456790123456788,63.5,71.6867469879518,97.59036144578313,69.27710843373494,25.0,53.4,Degraded,54.6,Medium,vibration (98/100); motor_current (72/100); acoustic_emission (69/100),anomaly=19.1; sensor_risk=14.6; tool_wear=12.9,Increase monitoring frequency and inspect tool at next planned maintenance,T+16 min,70.48192771084338,71.6867469879518,97.59036144578313,82.53012048192771,62.65060240963856,69.27710843373494
MILL_MC510V,9,5,22.0,1.5,0.5,1,0.27,ok,2.24717068743415,2.242292337042827,4.9853515625,2.2185015096428318,2.086451397054441,ok,8.395309079906308,3.242018712887328,9.9951171875,1.1905597628825304,2.348573016893954,ok,1.1058551815349758,0.4266338816972605,1.88720703125,1.7065589263042262,3.0871309810961973,ok,0.3054430922919608,0.0202159350106285,1.03271484375,3.381038464472747,375.394721092038,ok,0.2410867900088248,0.0598348697340299,0.4315185546875,1.7898888390770582,2.5350063255852766,ok,0.298245690225338,0.072802079175378,0.4901123046875,1.6433173076719227,2.7557463384721563,usable,0.27,observed,33.33333333333333,0.9,81.32530120481928,78.3132530120482,78.3132530120482,11.1,69.2,Watch,45.2,Medium,motor_current (81/100); vibration (78/100); acoustic_emission (78/100),tool_wear=18.3; sensor_risk=12.2; anomaly=0.3,Increase monitoring frequency and inspect tool at next planned maintenance,T+22 min,81.32530120481928,77.10843373493977,78.3132530120482,65.66265060240963,78.3132530120482,78.3132530120482
MILL_MC510V,9,6,28.0,1.5,0.5,1,0.38,ok,2.418175586898617,2.4133398511613486,5.25390625,2.1726735967656183,2.0922258860891985,ok,8.48656476610652,3.2100293719320145,9.9951171875,1.1777577221135611,2.444204708978392,ok,0.893827080311225,0.3344772130898641,1.484375,1.6606959362671012,3.152185709655392,ok,0.3012998277518761,0.0354809474586406,1.917724609375,6.364838054099066,809.0197987717376,ok,0.2650415499907878,0.0710356680236229,0.4779052734375,1.803133408525221,2.527215897002804,ok,0.3146440265461314,0.0824413161956606,0.579833984375,1.842825337375808,2.70019382965395,usable,0.38,observed,46.913580246913575,12.6,84.93975903614458,59.63855421686747,86.14457831325302,23.1,57.5,Degraded,47.8,Medium,acoustic_emission (86/100); motor_current (85/100); vibration (60/100),tool_wear=25.8; sensor_risk=12.9; anomaly=3.8,Increase monitoring frequency and inspect tool at next planned maintenance,T+28 min,84.93975903614458,80.12048192771084,48.19277108433735,59.63855421686747,86.14457831325302,81.32530120481928
MILL_MC510V,9,7,34.0,1.5,0.5,1,0.47,ok,2.6703069709773666,2.6659179402663806,5.7666015625,2.159527584346301,2.068633409083224,ok,8.640901066848205,3.08879815558006,9.9951171875,1.1567216324054723,2.8167190581941823,ok,0.8280709362976079,0.2887784955169578,1.337890625,1.6156715159938275,3.675112013430944,ok,0.2976900342968271,0.022363653133516,1.4501953125,4.871494324358662,914.6858275017736,ok,0.2916089981549418,0.0798563979499574,0.4937744140625,1.6932756437044083,2.6395064354845985,ok,0.3343705054577243,0.0905176206739937,0.5780029296875,1.7286301281105385,2.675325991973681,usable,0.47,observed,58.02469135802469,21.6,91.56626506024097,56.024096385542165,95.18072289156626,34.2,47.3,Degraded,54.4,Medium,acoustic_emission (95/100); motor_current (92/100); tool_wear (58/100),tool_wear=31.9; sensor_risk=14.3; anomaly=6.5,Increase monitoring frequency and inspect tool at next planned maintenance,T+34 min,91.56626506024097,87.34939759036145,36.144578313253014,56.024096385542165,95.18072289156626,87.95180722891565
MILL_MC510V,9,8,40.0,1.5,0.5,1,0.64,ok,2.87334471195458,2.8697451983612945,6.0595703125,2.108890829313652,2.0644999741206007,ok,8.709011985946255,3.030872031550131,9.9951171875,1.1476752131732035,3.0071106637207365,ok,0.7805342863016304,0.2707941437745549,1.25244140625,1.6045949911858208,3.6005831772911536,ok,0.2988453604521056,0.0286069649067408,1.492919921875,4.995626900854186,617.803019532523,ok,0.3191275856335265,0.0911294234367828,0.59326171875,1.8590110835151032,2.6396589198994485,ok,0.3274348767156018,0.0844832268288991,0.6353759765625,1.940465178706129,2.906377079979129,usable,0.64,observed,79.01234567901234,27.5,96.3855421686747,57.22891566265061,98.79518072289156,55.2,33.5,Critical,66.2,High,acoustic_emission (99/100); motor_current (96/100); tool_wear (79/100),tool_wear=43.5; sensor_risk=14.8; anomaly=8.2,Schedule tool inspection/replacement and verify vibration/current signals,T+40 min,96.3855421686747,90.36144578313254,30.120481927710845,57.22891566265061,98.79518072289156,86.14457831325302
MILL_MC510V,9,9,46.0,1.5,0.5,1,0.81,ok,3.0615671246453795,3.057942251769982,6.2744140625,2.049412541697812,2.061229286591172,ok,8.778305065957388,2.948086378335588,9.9951171875,1.1386158389801602,3.2043281125755487,ok,0.7280501323078151,0.2419263823476666,1.4404296875,1.97847596419228,3.9577074810768713,ok,0.2883895937494414,0.0310325016529294,1.485595703125,5.151349893750201,626.0485770404697,ok,0.3525109233175464,0.1063484941954927,0.6915283203125,1.961721678870077,2.6180736092307457,ok,0.3913339320268728,0.1176616351891416,0.7244873046875,1.8513275885207376,2.8149123806565446,usable,0.81,observed,100.0,71.3,98.79518072289156,43.373493975903614,100.0,91.4,8.6,Critical,81.4,Immediate,tool_wear (100/100); acoustic_emission (100/100); motor_current (99/100),tool_wear=55.0; anomaly=21.4; sensor_risk=15.0,Stop/inspect tool condition and verify sensor data before next production cycle,T+46 min,98.79518072289156,95.18072289156626,24.096385542168676,43.373493975903614,100.0,95.78313253012048
MILL_MC510V,10,1,0.0,1.5,0.25,1,0.0,ok,1.278421336431114,1.2672383253244222,3.06640625,2.398588135706409,1.990677879876616,ok,5.000838580540644,1.612952385495156,6.220703125,1.2439319975663423,3.102126571112285,ok,1.1917977367692385,0.491060530350663,2.1337890625,1.7903952966738717,3.120006493978082,ok,0.2976249950416412,0.0156624612664819,0.39794921875,1.3370826556183066,3.2287935207938414,ok,0.1571017086161522,0.0243179402281504,0.2392578125,1.522948506454869,2.718817960846374,ok,0.182566457786518,0.0271231225612911,0.281982421875,1.544546710782921,2.8411974911765268,usable,0.0,observed,0.0,64.7,25.301204819277107,84.93975903614458,25.301204819277107,19.4,67.8,Watch,37.3,Medium,vibration (85/100); anomaly (65/100); motor_current (25/100),anomaly=19.4; sensor_risk=12.7; tool_wear=0.0,Increase monitoring frequency and inspect tool at next planned maintenance,T+0 min,25.301204819277107,24.69879518072289,84.93975903614458,54.81927710843374,25.301204819277107,16.867469879518072
MILL_MC510V,10,2,4.0,1.5,0.25,1,0.04,ok,1.3091469466215306,1.2984637616130192,3.0029296875,2.293806432690586,1.927550187097975,ok,5.147287398601199,1.5203028048756917,6.2646484375,1.2170776473839855,3.8310613956266177,ok,1.056176339289035,0.4317521688342513,1.9287109375,1.8261258709852224,2.907002875141483,ok,0.3030014405110518,0.03289015617824,0.92041015625,3.037642839897294,91.77754548409968,ok,0.1646306085442595,0.0267063400753315,0.3045654296875,1.84999273451492,2.936714386930801,ok,0.1996236455551991,0.0357710186763266,0.340576171875,1.706091334651631,3.0809270219857336,usable,0.04,observed,5.714285714285714,56.9,27.10843373493976,71.6867469879518,30.72289156626506,17.6,69.0,Watch,33.9,Low,vibration (72/100); anomaly (57/100); acoustic_emission (31/100),anomaly=17.1; sensor_risk=10.8; tool_wear=3.1,Continue operation and monitor,T+4 min,27.10843373493976,27.10843373493976,71.6867469879518,62.048192771084345,30.72289156626506,30.72289156626506
MILL_MC510V,10,3,9.0,1.5,0.25,1,0.08,ok,1.4753334729880778,1.4661394607624283,3.466796875,2.349839503048857,1.9057593000858737,ok,5.804407409692133,1.7050627334697366,7.060546875,1.2164113193035284,4.28021225258182,ok,0.9964182502569376,0.3756937003457368,1.708984375,1.715127532597485,3.49633472993609,ok,0.2885246037695406,0.0132556065569864,0.347900390625,1.2057910697337966,3.08709186617327,ok,0.1743839764582367,0.0307136831439067,0.284423828125,1.6310204291704844,3.0376609471703717,ok,0.212191192204371,0.0391627579256955,0.34912109375,1.6453137857489402,3.1401629498345955,usable,0.08,observed,11.428571428571429,35.9,40.36144578313253,62.048192771084345,37.95180722891566,12.5,73.6,Watch,31.6,Low,vibration (62/100); motor_current (40/100); acoustic_emission (38/100),anomaly=10.8; sensor_risk=9.3; tool_wear=6.3,Continue operation and monitor,T+9 min,40.36144578313253,39.75903614457831,62.048192771084345,43.97590361445783,37.95180722891566,37.34939759036144
MILL_MC510V,10,4,15.0,1.5,0.25,1,0.16,ok,1.6357292079125894,1.627791922581143,3.61328125,2.2089727520417783,1.8661386682719576,ok,6.444725871404084,1.906950506410073,7.71484375,1.197078650657643,4.4587445684850096,ok,1.000278850591804,0.3544268569798156,1.86279296875,1.8622736726324232,4.209156085383454,ok,0.3004160892434287,0.0156740625825421,0.386962890625,1.288089767755927,3.803224220279543,ok,0.2008876160496381,0.0372219220014108,0.323486328125,1.6102850662703776,3.41043844620689,ok,0.2201795916783728,0.0381200817400145,0.333251953125,1.5135460583934772,3.5989701208202765,usable,0.16,observed,22.857142857142858,25.1,50.602409638554214,62.65060240963856,58.43373493975904,13.2,70.5,Watch,35.7,Medium,vibration (63/100); acoustic_emission (58/100); motor_current (51/100),tool_wear=12.6; sensor_risk=9.4; anomaly=7.5,Increase monitoring frequency and inspect tool at next planned maintenance,T+15 min,50.0,50.602409638554214,62.65060240963856,59.036144578313255,58.43373493975904,41.566265060240966
MILL_MC510V,10,5,21.0,1.5,0.25,1,0.25,ok,1.8159464949987172,1.8093083750812304,4.033203125,2.220992268277501,1.911337841731228,ok,7.1495032398382445,2.3299420232931096,8.65234375,1.2102020881376014,3.8351019992912168,ok,0.8519237005030521,0.3110216571097586,1.376953125,1.6162869094794607,4.096591998468264,ok,0.2907193128286566,0.0187579646281119,0.880126953125,3.027411369951537,208.4127232193301,ok,0.220839480248558,0.0488252744301311,0.3814697265625,1.727362001266363,3.2048055673565217,ok,0.229801051479067,0.0435480800037494,0.396728515625,1.7263999144904358,3.510685948551893,usable,0.25,observed,35.714285714285715,4.8,62.65060240963856,48.19277108433735,69.87951807228916,13.6,68.4,Watch,35.2,Medium,acoustic_emission (70/100); motor_current (63/100); vibration (48/100),tool_wear=19.6; sensor_risk=10.5; anomaly=1.4,Increase monitoring frequency and inspect tool at next planned maintenance,T+21 min,62.048192771084345,62.65060240963856,40.963855421686745,48.19277108433735,69.87951807228916,53.01204819277109
MILL_MC510V,10,6,27.0,1.5,0.25,1,0.36,ok,1.974665792975446,1.968305867901613,4.4873046875,2.2724375453611376,1.891235221856467,ok,7.791489787312508,2.515591964409932,9.404296875,1.206995983016309,4.017535609691341,ok,0.8333821274459416,0.3092819853421202,1.40869140625,1.6903307136733456,3.694454008927633,ok,0.2870147451095758,0.0279759008407791,1.405029296875,4.895320957582497,508.6231723574915,ok,0.2484588098583538,0.0572402589349079,0.4498291015625,1.810477566954204,3.556500905251625,ok,0.2890490895388147,0.0663288189594963,0.4864501953125,1.6829328059360469,3.680913124865622,usable,0.36,observed,51.42857142857143,8.4,69.27710843373494,40.36144578313253,81.32530120481928,25.1,57.0,Degraded,41.2,Medium,acoustic_emission (81/100); motor_current (69/100); tool_wear (51/100),tool_wear=28.3; sensor_risk=12.2; anomaly=2.5,Increase monitoring frequency and inspect tool at next planned maintenance,T+27 min,68.67469879518072,69.27710843373494,37.95180722891566,40.36144578313253,81.32530120481928,76.50602409638554
MILL_MC510V,10,7,33.0,1.5,0.25,1,0.43,ok,2.1821468053306394,2.1766213364192306,4.8046875,2.201816801812191,1.8644329716178945,ok,8.59947745013359,2.713012399662537,9.9951171875,1.1622935516091817,4.418633214901158,ok,0.6660252033140276,0.2285093718177636,1.1328125,1.7008553045164323,4.361515195392201,ok,0.2821115648876078,0.0235311952381129,1.009521484375,3.578447713668212,270.0663927354615,ok,0.2664846041085143,0.062843073009189,0.445556640625,1.671978920185177,3.804090295300597,ok,0.2818481471306654,0.0596132468817461,0.43212890625,1.5331976124296849,4.038849496193853,usable,0.43,observed,61.42857142857143,20.4,84.33734939759037,31.32530120481928,86.74698795180723,36.7,47.1,Degraded,47.5,Medium,acoustic_emission (87/100); motor_current (84/100); tool_wear (61/100),tool_wear=33.8; sensor_risk=13.0; anomaly=6.1,Increase monitoring frequency and inspect tool at next planned maintenance,T+33 min,77.71084337349397,84.33734939759037,20.481927710843372,31.32530120481928,86.74698795180723,72.28915662650603
MILL_MC510V,10,8,39.0,1.5,0.25,1,0.47,ok,2.355166387261784,2.3498342972896245,5.0244140625,2.133358428378159,1.8913346938360207,ok,8.892100248160276,2.8680351333494527,9.9951171875,1.1240445911039756,4.343489728775598,ok,0.7813470640284744,0.2719809007695565,1.2646484375,1.6185489083149536,4.413053979950405,ok,0.2809629140694777,0.0200008940864798,1.007080078125,3.584387930545099,271.99390174879846,ok,0.2855111453183558,0.0746014703117574,0.506591796875,1.7743328244099068,3.5244247519745686,ok,0.3407143093700159,0.0893771450375156,0.6988525390625,2.0511393852305004,3.6789175882675664,usable,0.47,observed,67.14285714285715,28.1,96.98795180722891,31.32530120481928,91.56626506024097,44.0,40.1,Degraded,53.5,Medium,motor_current (97/100); acoustic_emission (92/100); tool_wear (67/100),tool_wear=36.9; sensor_risk=14.5; anomaly=8.4,Increase monitoring frequency and inspect tool at next planned maintenance,T+39 min,83.73493975903614,96.98795180722891,31.32530120481928,27.10843373493976,91.56626506024097,90.96385542168674
MILL_MC510V,10,9,45.0,1.5,0.25,1,0.53,ok,2.4954092276795588,2.4925380402097623,5.3076171875,2.126952617079701,1.8870511230996907,ok,8.96198530322745,2.7898022349597844,9.9951171875,1.1152793548879594,4.799742674642852,ok,0.5570054469018227,0.1856332750010525,0.98876953125,1.7751523557767013,4.441345604444042,ok,0.2791594614100217,0.0274245102705515,1.358642578125,4.866904998518379,522.5429210638094,ok,0.3176237918853803,0.0833584190862785,0.54931640625,1.729456105877926,3.777445026387114,ok,0.3402011790056711,0.1018882976924767,0.865478515625,2.544019741942249,5.318722067570948,usable,0.53,observed,75.71428571428572,49.7,97.59036144578313,23.49397590361446,98.19277108433735,58.5,28.7,Critical,59.6,Medium,acoustic_emission (98/100); motor_current (98/100); tool_wear (76/100),tool_wear=41.6; anomaly=14.9; sensor_risk=14.7,Increase monitoring frequency and inspect tool at next planned maintenance,T+45 min,88.55421686746988,97.59036144578313,9.036144578313253,23.49397590361446,98.19277108433735,90.36144578313254
MILL_MC510V,10,10,57.0,1.5,0.25,1,0.7,ok,2.427971918186511,2.4231247105990925,5.44921875,2.244349989874619,2.2359123110055203,ok,8.260182545644515,3.6642299346207854,9.9951171875,1.2100358717579531,2.0066233491601317,ok,0.5033028781121213,0.2286771800788034,0.89599609375,1.780232406198595,2.1045662973105577,ok,0.29590338719267,0.0354722012461938,1.832275390625,6.192140644289983,734.9742644336554,ok,0.3122864980664364,0.1074058319685497,0.616455078125,1.9740049023569384,2.161082815915496,ok,0.4514868633964247,0.2108267941890503,1.2493896484375,2.767277964713927,4.431868372734381,usable,0.7,observed,100.0,80.8,86.14457831325302,53.01204819277109,98.79518072289156,94.2,5.9,Critical,83.2,Immediate,tool_wear (100/100); acoustic_emission (99/100); motor_current (86/100),tool_wear=55.0; anomaly=24.2; sensor_risk=14.8,Stop/inspect tool condition and verify sensor data before next production cycle,T+57 min,86.14457831325302,74.09638554216868,4.819277108433735,53.01204819277109,97.59036144578313,98.79518072289156
MILL_MC510V,11,1,1.0,0.75,0.25,1,0.0,ok,0.8601753807885469,0.84203879659721,2.080078125,2.418202347398871,1.8456962922267397,ok,3.342228807857196,0.8240353770350085,3.955078125,1.1833654583135906,3.7087231356756583,ok,0.99380548603507,0.4409374367447976,1.7578125,1.7687691652933788,2.145850096490089,ok,0.3054462966623606,0.0161613005154393,0.3857421875,1.2628805512254593,3.1039159189332213,ok,0.1384258903307333,0.0172759574742455,0.2191162109375,1.582913502758731,2.9684666449117865,ok,0.1751961717380153,0.0248572693385802,0.28564453125,1.630426786240035,2.7667313323388973,usable,0.0,observed,0.0,55.7,0.6024096385542169,66.26506024096386,12.650602409638553,16.7,73.4,Watch,26.3,Low,vibration (66/100); anomaly (56/100); acoustic_emission (13/100),anomaly=16.7; sensor_risk=9.9; tool_wear=0.0,Continue operation and monitor,T+1 min,0.6024096385542169,0.6024096385542169,61.44578313253012,66.26506024096386,12.048192771084338,12.650602409638553
MILL_MC510V,11,2,3.0,0.75,0.25,1,0.04,ok,0.861929009429435,0.8434299837291684,1.9921875,2.3113127394522235,1.838523789182829,ok,3.3461048568694443,0.8133252021674645,3.955078125,1.1819946756537445,3.931888510889782,ok,0.8724275763510884,0.3790169248638152,1.5576171875,1.7853827982064927,2.197829410504457,ok,0.3018882403751003,0.014391688177234,0.367431640625,1.2171114720044875,3.2593899251245726,ok,0.1411489483418025,0.0166538334067288,0.2069091796875,1.465892464072692,2.8789236828283418,ok,0.1887259760738632,0.03511478865816,0.379638671875,2.0115867448178206,3.3985405678491354,usable,0.04,observed,5.2631578947368425,46.7,1.2048192771084338,60.8433734939759,21.686746987951807,14.5,74.0,Watch,24.8,Low,vibration (61/100); anomaly (47/100); acoustic_emission (22/100),anomaly=14.0; sensor_risk=9.1; tool_wear=2.9,Continue operation and monitor,T+3 min,1.2048192771084338,1.2048192771084338,45.18072289156627,60.8433734939759,14.457831325301203,21.686746987951807
MILL_MC510V,11,3,10.0,0.75,0.25,1,0.07,ok,0.917471149752082,0.8998617146638761,2.1435546875,2.336372852788769,1.8366343999022452,ok,3.569827813012897,0.8642465580004484,4.2138671875,1.1804118876933618,4.139217386398948,ok,0.9034170874458692,0.3827683845791469,1.6162109375,1.7889975294440632,2.410168301004797,ok,0.2903924863035718,0.0134324822242156,0.355224609375,1.2232568889624456,3.5032564996758104,ok,0.1317279304175098,0.0179929538009501,0.2105712890625,1.5985318253577554,3.475237583615732,ok,0.1725073038878054,0.0291434129004238,0.2679443359375,1.5532347320795834,2.5963452709974457,usable,0.07,observed,9.210526315789474,49.1,4.216867469879518,48.795180722891565,12.048192771084338,15.9,72.9,Watch,22.0,Low,anomaly (49/100); vibration (49/100); acoustic_emission (12/100),anomaly=14.7; sensor_risk=7.3; tool_wear=5.1,Continue operation and monitor,T+10 min,4.216867469879518,4.216867469879518,48.795180722891565,46.98795180722892,8.433734939759036,12.048192771084338
MILL_MC510V,11,4,12.0,0.75,0.25,1,0.07,ok,0.996949798477727,0.980838997962808,2.421875,2.4292848082176306,1.8418096780475668,ok,3.895029009443168,0.9691655563086212,4.58984375,1.1783849976139162,4.411149814586431,ok,0.8549805655758659,0.3250528515732952,1.39892578125,1.636207695909588,3.1780524424349976,ok,0.2887137672128396,0.0124839386331858,0.34912109375,1.2092291168485183,3.441185443969918,ok,0.134539710608438,0.0173288721077412,0.2044677734375,1.5197577912967235,3.04467746682936,ok,0.1853231866355823,0.0348353932361904,0.3240966796875,1.7488188368088644,2.8974412647694896,usable,0.07,observed,9.210526315789474,24.0,7.228915662650602,45.18072289156627,19.27710843373494,8.4,81.0,Healthy,18.5,Low,vibration (45/100); anomaly (24/100); acoustic_emission (19/100),anomaly=7.2; sensor_risk=6.8; tool_wear=5.1,Continue operation and monitor,T+12 min,7.228915662650602,7.228915662650602,42.168674698795186,45.18072289156627,9.63855421686747,19.27710843373494
MILL_MC510V,11,5,14.0,0.75,0.25,1,0.08,ok,0.9958695249485068,0.979744024759692,2.2509765625,2.260312727828609,1.8288368732130245,ok,3.889017363121547,0.9511438590815108,4.6044921875,1.1839731627742047,4.435886736195532,ok,1.2966985383300846,0.4942526734917469,2.27294921875,1.752874050182395,3.256902402348813,ok,0.307552711686438,0.0147820992489051,0.384521484375,1.2502620518780676,3.937418192308341,ok,0.1320059757444905,0.0172269794385301,0.196533203125,1.488820502368157,2.985969885613766,ok,0.2337228296831767,0.0606265811286425,0.4833984375,2.0682551129181648,2.853041387931489,usable,0.08,observed,10.526315789473683,71.9,6.626506024096386,89.1566265060241,55.42168674698795,23.1,59.3,Degraded,40.4,Medium,vibration (89/100); anomaly (72/100); acoustic_emission (55/100),anomaly=21.6; sensor_risk=13.4; tool_wear=5.8,Increase monitoring frequency and inspect tool at next planned maintenance,T+14 min,6.626506024096386,6.626506024096386,89.1566265060241,67.46987951807229,9.036144578313253,55.42168674698795
MILL_MC510V,11,6,17.0,0.75,0.25,1,0.09,ok,1.0491039580374433,1.0353606339332964,2.5341796875,2.4155658436731757,1.8760713884200744,ok,4.109657163808009,1.0974080728899316,4.8583984375,1.1821906898426109,3.904276840268068,ok,1.1193336919450176,0.4575182625963663,1.98486328125,1.7732542989921225,2.892211349461202,ok,0.2909753690522634,0.0122022642601893,0.347900390625,1.1956351898683093,3.308407411720504,ok,0.1346605696138893,0.0189496953185846,0.208740234375,1.550121427318838,2.914965101784205,ok,0.2229542825281322,0.0559236368102641,0.450439453125,2.020322049952745,3.0877646931909903,usable,0.09,observed,11.842105263157894,51.5,10.240963855421686,79.51807228915662,46.3855421686747,17.3,66.1,Watch,34.7,Low,vibration (80/100); anomaly (52/100); acoustic_emission (46/100),anomaly=15.4; sensor_risk=11.9; tool_wear=6.5,Continue operation and monitor,T+17 min,10.240963855421686,10.240963855421686,79.51807228915662,49.39759036144578,10.240963855421686,46.3855421686747
MILL_MC510V,11,7,19.0,0.75,0.25,1,,ok,1.100283559220987,1.0867528573597998,2.5390625,2.307643769389208,1.8153099237699817,ok,4.309503329902548,1.064153394913678,5.078125,1.1783550472656563,4.798533417002451,ok,0.8519630870365889,0.2941372205827969,1.40869140625,1.6534653058130069,3.945988171591345,ok,0.2857949954482003,0.0148655126163555,0.924072265625,3.2333395627610027,415.7153780204438,ok,0.1436566203598988,0.0209202970380727,0.21484375,1.4955367142862095,3.0165092339838453,ok,0.2125417152221635,0.0424319722021831,0.374755859375,1.7632108547798049,3.2556177440964045,usable,0.105,interpolated,13.81578947368421,16.8,13.253012048192772,41.566265060240966,38.55421686746988,7.5,81.1,Healthy,20.0,Low,vibration (42/100); acoustic_emission (39/100); anomaly (17/100),tool_wear=7.6; sensor_risk=6.2; anomaly=5.0,Continue operation and monitor,T+19 min,13.253012048192772,13.253012048192772,41.566265060240966,37.34939759036144,15.66265060240964,38.55421686746988
MILL_MC510V,11,8,21.0,0.75,0.25,1,0.12,ok,1.1670186090958736,1.15382321160344,2.5390625,2.175682958444781,1.8321900873002317,ok,4.576544521324402,1.2021386758528367,5.48828125,1.1992194601027395,4.3580725755694,ok,0.7737767555473946,0.2632499531141896,1.37451171875,1.776367290557662,4.303301202502057,ok,0.294900418722799,0.015392649673326,0.721435546875,2.4463700322877124,90.31941274864197,ok,0.1500184006464825,0.0228361481880369,0.2252197265625,1.5012806801728784,3.1926624179593617,ok,0.2064602427926797,0.0376773096862377,0.3338623046875,1.617077942803428,3.4824875886650477,usable,0.12,observed,15.789473684210526,9.0,16.867469879518072,52.40963855421686,33.734939759036145,5.7,80.8,Healthy,21.9,Low,vibration (52/100); acoustic_emission (34/100); motor_current (17/100),tool_wear=8.7; sensor_risk=7.9; anomaly=2.7,Continue operation and monitor,T+21 min,16.867469879518072,16.867469879518072,29.518072289156628,52.40963855421686,19.879518072289155,33.734939759036145
MILL_MC510V,11,9,27.0,0.75,0.25,1,0.16,ok,1.111934063582626,1.099073487989348,2.3974609375,2.156117899449253,1.7918827422583967,ok,4.360012287089527,1.0578674934311605,5.0244140625,1.1523852988618144,5.285719613485371,ok,0.8587055454010529,0.2781358920251981,1.36474609375,1.5893062541141676,4.7004175403812365,ok,0.3099517891958754,0.0229767015317722,1.07421875,3.4657607648706845,375.0996683035238,ok,0.1465025194021616,0.0209751003229442,0.2252197265625,1.5373095799309475,3.2890954528583016,ok,0.1888181545827626,0.0295275614175573,0.2960205078125,1.567754480309682,3.636891395217453,usable,0.16,observed,21.05263157894737,33.5,15.060240963855422,71.08433734939759,22.289156626506024,15.0,67.7,Watch,29.8,Low,vibration (71/100); anomaly (34/100); acoustic_emission (22/100),tool_wear=11.6; sensor_risk=10.7; anomaly=10.0,Continue operation and monitor,T+27 min,15.060240963855422,15.060240963855422,42.77108433734939,71.08433734939759,16.867469879518072,22.289156626506024
MILL_MC510V,11,10,33.0,0.75,0.25,1,0.18,ok,1.159125496750021,1.1464525289664138,2.5537109375,2.2031358508271466,1.7925006803904917,ok,4.545542620154786,1.131676584717361,5.224609375,1.1493917913855003,5.2430705851118855,ok,0.8071270124635392,0.2629082458154237,1.298828125,1.6091991780005794,4.8362741827886975,ok,0.2807646478325093,0.0200927938567035,1.043701171875,3.717352522579355,529.9053128186375,ok,0.1494939114224485,0.0224509288943756,0.2276611328125,1.5228789630611717,3.272470877229601,ok,0.1837299654370819,0.0268398714829014,0.27587890625,1.5015455186757372,3.862706783329003,usable,0.18,observed,23.684210526315788,35.3,16.265060240963855,34.93975903614458,19.27710843373494,16.6,71.1,Watch,21.4,Low,anomaly (35/100); vibration (35/100); tool_wear (24/100),tool_wear=13.0; anomaly=10.6; sensor_risk=5.2,Continue operation and monitor,T+33 min,16.265060240963855,16.265060240963855,34.93975903614458,26.506024096385545,19.27710843373494,18.072289156626507
MILL_MC510V,11,11,39.0,0.75,0.25,1,0.2,ok,1.177769024059666,1.1648683131126347,2.587890625,2.197281956081314,1.7536248203748752,ok,4.617163251112825,1.0462565098540055,5.2392578125,1.13473523190589,6.163242280515844,ok,0.7818576141079209,0.260796255842058,1.31591796875,1.6830660020491648,3.840242575041712,ok,0.290278947002443,0.0329381617347505,1.50634765625,5.189310736448734,409.7675233354941,ok,0.1596848449446909,0.0241057010029645,0.250244140625,1.567112650609445,3.5093002732700174,ok,0.2122694154457966,0.0436464882250368,0.42724609375,2.012753899805624,4.206345604274413,usable,0.2,observed,26.31578947368421,3.0,18.072289156626507,46.3855421686747,37.95180722891566,8.1,77.7,Watch,22.2,Low,vibration (46/100); acoustic_emission (38/100); tool_wear (26/100),tool_wear=14.5; sensor_risk=7.0; anomaly=0.9,Continue operation and monitor,T+39 min,18.072289156626507,18.072289156626507,31.92771084337349,46.3855421686747,28.313253012048197,37.95180722891566
MILL_MC510V,11,12,45.0,0.75,0.25,1,0.23,ok,1.182244343307671,1.1710763319115418,2.705078125,2.288087179533016,1.8166910417873108,ok,4.66942037898563,1.2281865178914024,5.478515625,1.1732753062145502,4.723088288451061,ok,1.0410982288051345,0.3818465422136416,1.95068359375,1.873678717124436,3.3600499392491607,ok,0.3163205262214614,0.0675482882417007,2.24853515625,7.108407358517903,211.77273680360327,ok,0.1624011455070377,0.0273911788863277,0.2545166015625,1.5672093984700566,3.297738618982081,ok,0.2140810144806689,0.0424013584437532,0.369873046875,1.727724654942118,3.3944680589627665,usable,0.23,observed,30.26315789473684,55.1,18.67469879518072,76.50602409638554,39.1566265060241,25.7,55.3,Degraded,38.7,Medium,vibration (77/100); anomaly (55/100); acoustic_emission (39/100),tool_wear=16.6; anomaly=16.5; sensor_risk=11.5,Increase monitoring frequency and inspect tool at next planned maintenance,T+45 min,18.67469879518072,18.67469879518072,69.87951807228916,76.50602409638554,29.518072289156628,39.1566265060241
MILL_MC510V,11,13,51.0,0.75,0.25,1,0.26,ok,1.3446112812425144,1.3338517923120607,2.93212890625,2.180651722286852,1.776843854812224,ok,5.3075968167045575,1.291539565638099,6.1376953125,1.1563981825412442,5.930673412071132,ok,0.626972060084319,0.1964567285497795,1.23779296875,1.9742394399226653,4.031991843293843,ok,0.2876696082282853,0.0382107223712227,1.397705078125,4.858716521110454,357.3762517000317,ok,0.1631121575654073,0.0289524802660948,0.26123046875,1.6015389205041084,3.793431105545669,ok,0.2250363028859479,0.0428302611954407,0.4327392578125,1.9229753255851183,4.68530022854099,usable,0.26,observed,34.21052631578947,30.5,29.518072289156628,40.963855421686745,48.795180722891565,20.5,64.7,Watch,29.8,Low,acoustic_emission (49/100); vibration (41/100); tool_wear (34/100),tool_wear=18.8; anomaly=9.2; sensor_risk=7.3,Continue operation and monitor,T+51 min,29.518072289156628,29.518072289156628,16.265060240963855,40.963855421686745,30.120481927710845,48.795180722891565
MILL_MC510V,11,14,54.0,0.75,0.25,1,,ok,1.3258332984032375,1.3152998299128025,3.037109375,2.2907173765023403,1.8050350903809007,ok,5.232285464925684,1.3089424339259454,6.142578125,1.1739761077974884,5.567315235003304,ok,0.6624071514996149,0.2208378680366391,1.26953125,1.9165421857599336,3.391513455765829,ok,0.2815026825940206,0.0394245591095852,1.947021484375,6.916529059071355,693.7331756305924,ok,0.174879534613993,0.029673335477442,0.2777099609375,1.5880072047818166,3.441880967032464,ok,0.2444997347035775,0.0534717355433523,0.5303955078125,2.1693091342342874,4.583810557936664,usable,0.285,interpolated,37.50000000000001,15.0,28.313253012048197,29.518072289156628,60.8433734939759,17.7,65.7,Watch,26.6,Low,acoustic_emission (61/100); tool_wear (38/100); vibration (30/100),tool_wear=20.6; sensor_risk=9.1; anomaly=4.5,Continue operation and monitor,T+54 min,28.313253012048197,28.313253012048197,19.879518072289155,29.518072289156628,38.55421686746988,60.8433734939759
MILL_MC510V,11,15,57.0,0.75,0.25,1,0.31,ok,1.3124287492596884,1.3012742802726829,2.94921875,2.24714579870438,1.8120345292360829,ok,5.168129241724693,1.3357720315723218,6.103515625,1.1809912909534692,5.184022970344113,ok,0.544857451270246,0.1857873354493429,1.15478515625,2.119426197725089,3.3376537429098705,ok,0.2814935880319039,0.0398776428908383,1.685791015625,5.988736821344389,660.3418494688879,ok,0.1868160049275525,0.0344789545158294,0.2984619140625,1.5976249688919657,3.475933725818315,ok,0.2246544989809498,0.0388402898095827,0.3900146484375,1.7360642684873906,3.943387211210812,usable,0.31,observed,40.78947368421053,50.3,27.710843373493976,28.915662650602407,49.39759036144578,30.3,55.1,Degraded,31.5,Low,anomaly (50/100); acoustic_emission (49/100); tool_wear (41/100),tool_wear=22.4; anomaly=15.1; sensor_risk=7.4,Continue operation and monitor,T+57 min,27.710843373493976,27.710843373493976,7.83132530120482,28.915662650602407,49.39759036144578,48.19277108433735
MILL_MC510V,11,16,63.0,0.75,0.25,1,0.37,ok,1.2847726057958424,1.2740636576846405,2.939453125,2.2879170304046843,1.8019812386815457,ok,5.059218136462712,1.3104826431184056,5.83984375,1.15429767851084,5.181842740079702,ok,0.8602594802388512,0.3496379642110792,1.73095703125,2.0121336306196675,2.993139277571168,ok,0.2877206372114597,0.0623366828156549,2.2021484375,7.653772975185932,409.4018993792223,ok,0.1831060438359024,0.0317772886644003,0.2978515625,1.62666155774358,3.510685790916379,ok,0.2332580763289263,0.0420512956680533,0.400390625,1.7165134485361917,3.597855734647033,usable,0.37,observed,48.68421052631579,24.6,26.506024096385545,43.373493975903614,54.81927710843374,28.0,57.6,Degraded,34.3,Low,acoustic_emission (55/100); tool_wear (49/100); vibration (43/100),tool_wear=26.8; sensor_risk=8.2; anomaly=7.4,Continue operation and monitor,T+63 min,26.506024096385545,26.506024096385545,43.373493975903614,42.168674698795186,45.18072289156627,54.81927710843374
MILL_MC510V,11,17,67.0,0.75,0.25,1,,ok,1.4086948532688184,1.398758317992435,3.1640625,2.2460950238127704,1.8076861587246145,ok,5.575961993963247,1.4367291881574504,6.54296875,1.1734242014351064,5.595381412328196,ok,0.7223613574935388,0.2365603529632373,1.259765625,1.7439548944996328,3.877093205004946,ok,0.2739804218486741,0.0403567540219911,1.954345703125,7.133158237844084,886.2884532240721,ok,0.2057410315218852,0.0383039272787993,0.350341796875,1.7028290092733904,3.539943022401222,ok,0.2622018133583939,0.0527300570861292,0.5072021484375,1.934396036164288,4.250859011765373,usable,0.395,interpolated,51.97368421052632,29.9,33.734939759036145,23.49397590361446,64.45783132530121,32.0,52.8,Degraded,33.4,Low,acoustic_emission (64/100); tool_wear (52/100); motor_current (34/100),tool_wear=28.6; sensor_risk=9.7; anomaly=9.0,Continue operation and monitor,T+67 min,33.13253012048193,33.734939759036145,23.49397590361446,13.855421686746988,61.44578313253012,64.45783132530121
MILL_MC510V,11,18,72.0,0.75,0.25,1,0.42,ok,1.4958453313847522,1.4866585635185277,3.28857421875,2.198472094506898,1.7898614292649309,ok,5.872792507400511,1.4589317734003138,6.9091796875,1.1764726369597298,5.962025690252491,ok,0.5559360469441506,0.1611408064848464,0.86181640625,1.550207817941743,4.574961634810874,ok,0.2738880245535454,0.0435936451955018,2.177734375,7.9511850820856145,937.2275592143144,ok,0.2152360886453456,0.039260944320728,0.367431640625,1.7071098203644035,3.760313995205261,ok,0.2452047499805651,0.0447216204101486,0.452880859375,1.8469497813930933,4.185755187178995,usable,0.42,observed,55.26315789473684,62.3,42.168674698795186,13.253012048192772,65.06024096385542,44.2,41.2,Degraded,38.2,Medium,acoustic_emission (65/100); anomaly (62/100); tool_wear (55/100),tool_wear=30.4; anomaly=18.7; sensor_risk=9.8,Increase monitoring frequency and inspect tool at next planned maintenance,T+72 min,42.168674698795186,41.566265060240966,8.433734939759036,13.253012048192772,65.06024096385542,61.44578313253012
MILL_MC510V,11,19,80.0,0.75,0.25,1,0.47,ok,1.7185064428367347,1.7111690976093783,3.84033203125,2.234691669184864,1.8382657534578315,ok,6.789763600571544,1.964419465964338,8.1689453125,1.2031266172228967,4.603216049346216,ok,0.6798076864411178,0.1983673935566119,1.08154296875,1.5909543100496968,5.5388186222416085,ok,0.2711275865006309,0.0199199463703284,1.24267578125,4.583361646390508,918.7944636021964,ok,0.2011738442712421,0.0438707017544041,0.333251953125,1.6565371822095358,4.032463586401921,ok,0.26152192744404,0.0644334577528632,0.5218505859375,1.995437212610668,3.929459241054508,usable,0.47,observed,61.8421052631579,74.9,56.62650602409639,21.686746987951807,63.85542168674698,53.4,33.9,Critical,47.0,Medium,anomaly (75/100); acoustic_emission (64/100); tool_wear (62/100),tool_wear=34.0; anomaly=22.5; sensor_risk=9.6,Increase monitoring frequency and inspect tool at next planned maintenance,T+80 min,56.62650602409639,56.024096385542165,21.686746987951807,9.036144578313253,59.036144578313255,63.85542168674698
MILL_MC510V,11,20,86.0,0.75,0.25,1,0.57,ok,1.6612659378824457,1.6532382994367432,3.4765625,2.092718824073016,1.7863719740974235,ok,6.559016497833245,1.7102085984694275,7.763671875,1.1836640260873756,5.94603442163098,ok,0.5573324325244717,0.1435612900326409,0.86181640625,1.5463238023755463,4.707587218262079,ok,0.2692040326127666,0.0268144150706673,2.00439453125,7.445633379964082,2198.828962507391,ok,0.2464967504230298,0.0530770071011322,0.4437255859375,1.800127527743032,4.350499989306732,ok,0.2740316453506404,0.0697088279170409,0.6256103515625,2.2829857871331245,4.205202557444685,usable,0.57,observed,74.99999999999999,79.6,53.6144578313253,9.63855421686747,80.12048192771084,66.8,22.9,Critical,51.9,Medium,acoustic_emission (80/100); anomaly (80/100); tool_wear (75/100),tool_wear=41.2; anomaly=23.9; sensor_risk=12.0,Increase monitoring frequency and inspect tool at next planned maintenance,T+86 min,53.6144578313253,53.01204819277109,9.63855421686747,7.228915662650602,80.12048192771084,68.67469879518072
MILL_MC510V,11,21,93.0,0.75,0.25,1,0.65,ok,1.7602824848434102,1.7530430314410577,3.94775390625,2.242682035547799,1.843965908216552,ok,6.940514884852707,2.0444378813460298,8.2470703125,1.1882505043678515,4.665370391978645,ok,0.5754289522086405,0.1747026697998342,0.94970703125,1.650433172684718,4.855978141276983,ok,0.2730176448259847,0.055743677462318,1.8896484375,6.921341800811072,326.28511521291995,ok,0.2278998958836567,0.0518601133867308,0.4119873046875,1.807755563416371,3.915294902639328,ok,0.27208714338403,0.0687233269449799,0.5523681640625,2.0301149006546217,3.688594171713717,usable,0.65,observed,85.52631578947368,83.2,57.831325301204814,12.048192771084338,75.30120481927712,78.6,16.7,Critical,58.5,Medium,tool_wear (86/100); anomaly (83/100); acoustic_emission (75/100),tool_wear=47.0; anomaly=25.0; sensor_risk=11.3,Increase monitoring frequency and inspect tool at next planned maintenance,T+93 min,57.831325301204814,57.831325301204814,12.048192771084338,12.048192771084338,75.30120481927712,66.86746987951807
MILL_MC510V,11,22,100.0,0.75,0.25,1,0.68,ok,1.854619592182051,1.8478167253347757,4.10400390625,2.2128548213055512,1.8198525432466728,ok,7.316947280206577,2.109742800608248,8.84765625,1.209200491840772,4.895541891460933,ok,0.3163097961932646,0.0809149296824903,0.47607421875,1.505088443285565,5.834437859976234,ok,0.2718004242546903,0.0184898164801108,0.87646484375,3.224663265887638,255.44074887808105,ok,0.2582548766117851,0.0621429731975438,0.474853515625,1.8387010609560437,4.171345376005549,ok,0.3110138801844747,0.0992049424010578,1.070556640625,3.4421506846786647,8.63122271432464,usable,0.68,observed,89.47368421052632,97.0,63.85542168674698,10.240963855421686,84.33734939759037,87.0,9.0,Critical,64.1,High,anomaly (97/100); tool_wear (89/100); acoustic_emission (84/100),tool_wear=49.2; anomaly=29.1; sensor_risk=12.7,Schedule tool inspection/replacement and verify vibration/current signals,T+100 min,63.85542168674698,63.85542168674698,1.2048192771084338,10.240963855421686,84.33734939759037,80.72289156626506
MILL_MC510V,11,23,105.0,0.75,0.25,1,0.76,ok,1.6388093967699893,1.6304141802082388,3.7060546875,2.2614311919386023,1.9343587284526984,ok,6.467799857650068,2.2032755106312463,8.1201171875,1.2554682219942732,3.488258470907213,ok,0.2970776485329011,0.0961537856735748,0.56640625,1.9065932856115373,3.48524972965053,ok,0.272397363645049,0.0218142658867957,1.63818359375,6.0139480493601365,1838.060982163953,ok,0.2444488713154562,0.0667379207971274,0.4644775390625,1.900100976376369,3.124745091052678,ok,0.4721680521184196,0.2391012242469354,1.2493896484375,2.6460698533697222,6.468742754136367,usable,0.76,observed,100.0,97.6,51.80722891566265,10.843373493975903,100.0,99.3,0.7,Critical,70.1,High,tool_wear (100/100); acoustic_emission (100/100); anomaly (98/100),tool_wear=55.0; anomaly=29.3; sensor_risk=15.0,Schedule tool inspection/replacement and verify vibration/current signals,T+105 min,51.204819277108435,51.80722891566265,0.6024096385542169,10.843373493975903,78.91566265060241,100.0
MILL_MC510V,12,1,1.0,0.75,0.5,1,,ok,22.35994072230535,22.359212761691104,2771.189697265625,123.93546707845596,15362.999999919792,ok,22.35994072230773,22.359212756708835,2771.189697265625,123.93546707844276,15362.999999914078,ok,31.621731423319268,31.61967253138017,2771.189697265625,87.63560920076436,7680.499479054218,ok,22.359940722305893,22.3592127599186,2771.189697265625,123.93546707845294,15362.999999918582,ok,3.787260101118344e-05,3.632946488504695e-05,0.0001766428613336,4.664133224369285,16.94727027402766,ok,3.8234819805907e-05,3.6607922648872895e-05,0.000176642788574,4.619945506500439,16.448986510999976,usable,0.05,interpolated,7.692307692307692,100.0,100.0,100.0,0.6024096385542169,30.9,50.8,Degraded,55.5,Medium,anomaly (100/100); vibration (100/100); motor_current (100/100),anomaly=30.0; sensor_risk=15.0; tool_wear=4.2,Increase monitoring frequency and inspect tool at next planned maintenance,T+1 min,100.0,100.0,100.0,100.0,0.6024096385542169,0.6024096385542169
MILL_MC510V,12,2,3.0,0.75,0.5,1,0.05,ok,0.8745071957223507,0.8576228514234928,2.30224609375,2.632621097926692,2.0804360808107,ok,3.41328745293019,1.0620574468289463,4.365234375,1.2788944485912888,2.1641746008334204,ok,1.0297281518686592,0.532611859253171,1.923828125,1.868287393626113,1.6871441751845826,ok,0.3161307596826914,0.0191781052719969,0.511474609375,1.6179210459835114,6.18493993014095,ok,0.1560426834734989,0.031827241434029,0.3021240234375,1.936162700552854,3.1138560892946288,ok,0.1900422038818084,0.0392139880930518,0.408935546875,2.151814378700715,4.020423827642385,usable,0.05,observed,7.692307692307692,98.2,2.4096385542168677,75.90361445783132,24.096385542168676,30.4,54.9,Degraded,36.9,Medium,anomaly (98/100); vibration (76/100); acoustic_emission (24/100),anomaly=29.5; sensor_risk=11.4; tool_wear=4.2,Increase monitoring frequency and inspect tool at next planned maintenance,T+3 min,2.4096385542168677,2.4096385542168677,68.07228915662651,75.90361445783132,24.096385542168676,22.89156626506024
MILL_MC510V,12,3,6.0,0.75,0.5,1,0.08,ok,1.007088803360772,0.9923701163925102,2.71240234375,2.69330999877638,2.119116177244699,ok,3.943942591966717,1.276216100726589,5.0146484375,1.2714810929836795,2.2334272884923214,ok,1.2158446996269543,0.6104766672817339,2.41455078125,1.9859039415057256,1.7424200044358458,ok,0.3049351500855665,0.0177658384388314,0.579833984375,1.9014993325970917,13.334253883230849,ok,0.1700229110542519,0.0359894312787742,0.340576171875,2.003119284108268,3.0289861102669167,ok,0.2256251229091836,0.0524074972745349,0.4156494140625,1.8422124659759664,2.6308338746145274,usable,0.08,observed,12.307692307692308,96.4,8.433734939759036,85.54216867469879,49.39759036144578,30.9,51.5,Degraded,43.0,Medium,anomaly (96/100); vibration (86/100); acoustic_emission (49/100),anomaly=28.9; sensor_risk=12.8; tool_wear=6.8,Increase monitoring frequency and inspect tool at next planned maintenance,T+6 min,8.433734939759036,8.433734939759036,85.54216867469879,65.06024096385542,36.74698795180723,49.39759036144578
MILL_MC510V,12,4,12.0,0.75,0.5,1,,ok,1.122955110938106,1.1095873474436797,2.77587890625,2.4719411125246005,2.0603314564191,ok,4.406713070596265,1.4018518690636108,5.5419921875,1.2576249233192904,2.320433952241627,ok,1.0041873790588705,0.4691551946053876,1.92138671875,1.913374693624232,1.9855230196522584,ok,0.2934295032049386,0.0142790655769797,0.509033203125,1.7347717171021602,14.946251689653058,ok,0.1807015768973371,0.0397174257027063,0.3790283203125,2.097537425064872,3.0533718859548684,ok,0.2228741956668845,0.0502376559536493,0.404052734375,1.812918418680906,2.621705663047226,usable,0.1,interpolated,15.384615384615383,89.8,15.66265060240964,64.45783132530121,45.18072289156627,29.8,54.9,Degraded,37.9,Medium,anomaly (90/100); vibration (64/100); acoustic_emission (45/100),anomaly=26.9; sensor_risk=9.7; tool_wear=8.5,Increase monitoring frequency and inspect tool at next planned maintenance,T+12 min,15.66265060240964,15.66265060240964,64.45783132530121,51.204819277108435,42.77108433734939,45.18072289156627
MILL_MC510V,12,5,19.0,0.75,0.5,1,0.12,ok,1.25251804195835,1.2409465257374703,3.22509765625,2.574891177778873,2.176088096874009,ok,4.918982341674862,1.608800655839605,6.2939453125,1.2795218350704014,2.284297414273764,ok,0.8937889335913838,0.3822772454106488,1.7333984375,1.939382299725948,2.201491902988913,ok,0.3135201045951863,0.0521677965584096,1.93603515625,6.175154728095068,390.456478482811,ok,0.1842161223681001,0.042028765298802,0.362548828125,1.9680624228892836,2.579498637460705,ok,0.2440418609910151,0.060252397718444,0.439453125,1.800728461968164,2.56931711562424,usable,0.12,observed,18.46153846153846,79.0,22.289156626506024,73.49397590361446,60.24096385542169,27.7,55.1,Degraded,41.6,Medium,anomaly (79/100); vibration (73/100); acoustic_emission (60/100),anomaly=23.7; sensor_risk=11.0; tool_wear=10.2,Increase monitoring frequency and inspect tool at next planned maintenance,T+19 min,22.289156626506024,22.289156626506024,47.59036144578313,73.49397590361446,47.59036144578313,60.24096385542169
MILL_MC510V,12,6,24.0,0.75,0.5,1,0.17,ok,1.3617599021484366,1.3510524547939702,3.49365234375,2.565542088759942,2.14569834238024,ok,5.355307531214082,1.7453143450986557,6.7919921875,1.2682730446217612,2.421106907282041,ok,0.4872329716902422,0.1924342396040592,0.85205078125,1.748754355216218,2.3626369206659272,ok,0.3030749657664299,0.0780517741698079,2.33642578125,7.709068861342044,302.361511045489,ok,0.1912957188054451,0.042958080737703,0.364990234375,1.907989560102496,2.792645229523987,ok,0.2376649351307431,0.0537467225214413,0.4986572265625,2.098152284374988,3.283216877659993,usable,0.17,observed,26.153846153846157,78.4,30.120481927710845,62.65060240963856,58.43373493975904,30.7,52.7,Degraded,41.4,Medium,anomaly (78/100); vibration (63/100); acoustic_emission (58/100),anomaly=23.5; tool_wear=14.4; sensor_risk=9.4,Increase monitoring frequency and inspect tool at next planned maintenance,T+24 min,30.120481927710845,30.120481927710845,4.216867469879518,62.65060240963856,50.602409638554214,58.43373493975904
MILL_MC510V,12,7,30.0,0.75,0.5,1,0.2,ok,1.4622555501716623,1.4525831290244766,3.63037109375,2.4827199960508457,2.031968311726481,ok,5.760397343433569,1.8581934175577912,7.2705078125,1.2621538722127534,2.647275044368232,ok,0.601840265833633,0.2408817725189077,1.1962890625,1.987718553262608,2.4375254323975906,ok,0.2918321690569749,0.0683281160505225,1.719970703125,5.893698109694389,197.6965674634101,ok,0.2174094442113679,0.0497920253905671,0.3912353515625,1.7995324581223666,2.703471293523161,ok,0.2878522709781567,0.0750948446841857,0.552978515625,1.921049688939369,2.7944623217742164,usable,0.2,observed,30.769230769230766,52.1,39.1566265060241,50.0,75.30120481927712,25.1,56.2,Degraded,38.5,Medium,acoustic_emission (75/100); anomaly (52/100); vibration (50/100),tool_wear=16.9; anomaly=15.6; sensor_risk=11.3,Increase monitoring frequency and inspect tool at next planned maintenance,T+30 min,39.1566265060241,39.1566265060241,14.457831325301203,50.0,68.07228915662651,75.30120481927712
MILL_MC510V,12,8,36.0,0.75,0.5,1,0.24,ok,1.5585725456203987,1.5494586574908933,3.6083984375,2.3151944050582136,2.013194914133342,ok,6.147870645293727,1.979167867291776,7.802734375,1.2691767321050944,2.6867199634422274,ok,0.5291213360341239,0.2085234915018612,1.27197265625,2.40393378536065,2.6554510892905907,ok,0.2780384392759926,0.0523453667359199,2.159423828125,7.766637712901629,497.1359244324538,ok,0.2327763489185507,0.0583491174185003,0.4327392578125,1.8590344758868005,2.4601652043214326,ok,0.2862690171414868,0.0658224947920787,0.521240234375,1.8208056169611928,2.9456817805384743,usable,0.24,observed,36.92307692307692,50.9,45.18072289156627,21.686746987951807,77.10843373493977,28.1,52.9,Degraded,34.0,Low,acoustic_emission (77/100); anomaly (51/100); motor_current (45/100),tool_wear=20.3; anomaly=15.3; sensor_risk=11.6,Continue operation and monitor,T+36 min,43.97590361445783,45.18072289156627,6.626506024096386,21.686746987951807,77.10843373493977,74.69879518072288
MILL_MC510V,12,9,42.0,0.75,0.5,1,0.32,ok,1.778926048341752,1.7712453469076608,4.208984375,2.366025489885367,1.9961854533600596,ok,7.019984892641423,2.2779382803805563,8.9208984375,1.2707859879940633,2.753780263281969,ok,0.6514873637160213,0.2561837336344614,1.54296875,2.368378630088366,3.1066485084557174,ok,0.2787227260107692,0.0636890272124338,2.254638671875,8.089181331341447,524.6220890484625,ok,0.2268107747500857,0.0596318252181668,0.435791015625,1.921385860540621,2.6305122221246653,ok,0.2898148828059612,0.0762602449426545,0.5950927734375,2.053354774861156,3.241376494405278,usable,0.32,observed,49.230769230769226,19.8,60.24096385542169,22.289156626506024,77.10843373493977,26.9,55.4,Degraded,35.8,Medium,acoustic_emission (77/100); motor_current (60/100); tool_wear (49/100),tool_wear=27.1; sensor_risk=11.6; anomaly=5.9,Increase monitoring frequency and inspect tool at next planned maintenance,T+42 min,60.24096385542169,59.63855421686747,17.46987951807229,22.289156626506024,74.69879518072288,77.10843373493977
MILL_MC510V,12,10,45.0,0.75,0.5,1,,ok,1.7524290468754362,1.7450086874413138,4.23095703125,2.41433856554212,2.014281149222647,ok,6.924552357585598,2.236151773725145,8.76953125,1.2664401678459445,2.7464785169144816,ok,0.6029779002262633,0.2430578326404718,1.3916015625,2.3078815359161644,2.9013072616033657,ok,0.2804731383433436,0.0657912168013419,2.191162109375,7.812377763908564,389.4093170722008,ok,0.2247712548027126,0.0587646320608718,0.4132080078125,1.838348983607111,2.584307099922745,ok,0.2830253923231705,0.0745323584723423,0.5999755859375,2.119864867991429,3.3340260052905792,usable,0.36,interpolated,55.38461538461538,7.8,57.22891566265061,25.903614457831324,73.49397590361446,28.0,56.2,Degraded,36.4,Medium,acoustic_emission (73/100); motor_current (57/100); tool_wear (55/100),tool_wear=30.5; sensor_risk=11.0; anomaly=2.3,Increase monitoring frequency and inspect tool at next planned maintenance,T+45 min,57.22891566265061,57.22891566265061,15.060240963855422,25.903614457831324,73.49397590361446,72.89156626506023
MILL_MC510V,12,11,49.0,0.75,0.5,1,0.4,ok,1.8310912384228069,1.8244082959031247,4.20166015625,2.294620862184216,2.018303880186251,ok,7.236842211836389,2.4707957754534604,9.1015625,1.2576704360242188,2.576295125539992,ok,0.7602543317929313,0.3104383348671394,1.787109375,2.350673058031848,2.968190920434894,ok,0.2761660202799046,0.0547445103487452,2.25830078125,8.177330357127028,667.2906077864458,ok,0.2188140551129457,0.0560037673548715,0.45166015625,2.0641277180060555,2.709417747649344,ok,0.2784783413290165,0.0758399276921107,0.5548095703125,1.992289840792363,3.199647736527152,usable,0.4,observed,61.53846153846153,10.8,63.25301204819277,25.903614457831324,70.48192771084338,33.9,52.3,Degraded,40.0,Medium,acoustic_emission (70/100); motor_current (63/100); tool_wear (62/100),tool_wear=33.8; sensor_risk=10.6; anomaly=3.2,Increase monitoring frequency and inspect tool at next planned maintenance,T+49 min,62.65060240963856,63.25301204819277,25.903614457831324,19.27710843373494,69.27710843373494,70.48192771084338
MILL_MC510V,12,12,55.0,0.75,0.5,1,0.45,ok,1.802776406072432,1.7960382259592231,4.30908203125,2.390247629563485,2.137733106029132,ok,7.127667134213227,2.64187383678932,9.4970703125,1.332423376915592,2.1708775866317467,ok,0.5927075906177911,0.2422452187605429,1.3916015625,2.3478720106269564,2.927614960004167,ok,0.2820050635704256,0.0682127479743145,2.191162109375,7.769938885583264,368.18706688306,ok,0.2210196274578173,0.0579562999289316,0.4144287109375,1.8750765065637467,2.7433276900404358,ok,0.284893040771211,0.0872363470770694,0.6451416015625,2.264504600792721,3.475209889071437,usable,0.45,observed,69.23076923076923,3.6,61.44578313253012,30.72289156626506,73.49397590361446,38.5,49.8,Degraded,43.5,Medium,acoustic_emission (73/100); tool_wear (69/100); motor_current (61/100),tool_wear=38.1; sensor_risk=11.0; anomaly=1.1,Increase monitoring frequency and inspect tool at next planned maintenance,T+55 min,60.8433734939759,61.44578313253012,13.855421686746988,30.72289156626506,71.08433734939759,73.49397590361446
MILL_MC510V,12,13,61.0,0.75,0.5,1,0.49,ok,1.9148538461328488,1.908142761259905,4.31884765625,2.255445064368694,2.00626145443546,ok,7.566188588072692,2.5818817189364083,9.365234375,1.2377743782070243,2.7910061421985906,ok,0.4438572445076142,0.1634790999401583,0.8935546875,2.0131578307102704,2.8887704590986063,ok,0.2700238402829328,0.0323071173477692,2.470703125,9.149944398990955,2989.5132854171643,ok,0.2210082777448739,0.0561246092994352,0.3875732421875,1.7536593929443252,2.836638036521061,ok,0.2778073216992559,0.0728490463239981,0.5767822265625,2.076195195405351,3.143740083929281,usable,0.49,observed,75.38461538461539,26.9,67.46987951807229,7.83132530120482,70.48192771084338,51.4,39.9,Critical,44.8,Medium,tool_wear (75/100); acoustic_emission (70/100); motor_current (67/100),tool_wear=41.5; sensor_risk=10.6; anomaly=8.1,Increase monitoring frequency and inspect tool at next planned maintenance,T+61 min,67.46987951807229,67.46987951807229,3.0120481927710845,7.83132530120482,70.48192771084338,69.87951807228916
MILL_MC510V,12,14,67.0,0.75,0.5,1,0.58,ok,2.1019054882971453,2.0960309488026336,4.69970703125,2.2359269041422136,1.9903357515574367,ok,8.301708004906057,2.806105921400079,9.9951171875,1.2039832262941537,2.841938832018536,ok,0.3637788097498292,0.1158409259859876,0.693359375,1.90599165321069,3.5029621300981773,ok,0.2638099067358895,0.0113365111110746,0.648193359375,2.45704707375328,170.44363829848996,ok,0.222010593218487,0.0562403177042707,0.4266357421875,1.9216909247466123,3.0119694204768046,ok,0.2730474294221167,0.0707149348078892,0.579833984375,2.1235650729254223,3.437075361552519,usable,0.58,observed,89.23076923076921,61.7,75.30120481927712,2.4096385542168677,72.28915662650603,76.2,21.1,Critical,57.2,Medium,tool_wear (89/100); motor_current (75/100); acoustic_emission (72/100),tool_wear=49.1; anomaly=18.5; sensor_risk=11.3,Increase monitoring frequency and inspect tool at next planned maintenance,T+67 min,74.09638554216868,75.30120481927712,2.4096385542168677,2.4096385542168677,72.28915662650603,67.46987951807229
MILL_MC510V,12,15,74.0,0.75,0.5,1,0.65,ok,2.2370505276045702,2.231517117062899,4.9951171875,2.232903157912365,1.9618991991007595,ok,8.569827909784388,2.7734768592125763,9.9951171875,1.1663148073355307,3.0835314123952045,ok,0.3344534768996723,0.0971848321723942,0.5859375,1.7519252765131654,4.088604292086969,ok,0.2603121118465041,0.0119640981951351,0.709228515625,2.7245313734786176,232.505191117364,ok,0.2563955032664683,0.065156300677075,0.5059814453125,1.9734411831110272,3.1385573077777917,ok,0.3238591624480243,0.0938046087328521,0.787353515625,2.4311602292522143,4.492873727865586,usable,0.65,observed,100.0,80.2,83.13253012048193,1.8072289156626504,84.93975903614458,94.1,8.2,Critical,68.5,High,tool_wear (100/100); acoustic_emission (85/100); motor_current (83/100),tool_wear=55.0; anomaly=24.1; sensor_risk=12.7,Schedule tool inspection/replacement and verify vibration/current signals,T+74 min,80.72289156626506,83.13253012048193,1.8072289156626504,1.2048192771084338,83.13253012048193,84.93975903614458
MILL_MC510V,5,1,0.0,1.5,0.5,2,0.0,ok,1.77102080250409,1.76358747273705,4.57275390625,2.581987687429695,2.286223278521262,ok,6.998478940486326,2.815314432616133,9.8681640625,1.4100441176454908,2.1036510019305434,ok,1.3354460356939994,0.5647116326279211,3.095703125,2.318104245514435,2.792174288513983,ok,0.3107049069411987,0.0194355308253145,0.379638671875,1.221862492006363,2.3324580968869704,ok,0.1835219699465932,0.0469670799538094,0.357666015625,1.9489002636966877,3.958171911469376,ok,0.1773502111775036,0.0449665305900722,0.3131103515625,1.765491845100501,6.393990008298106,usable,0.0,observed,0.0,91.0,59.036144578313255,90.96385542168674,46.3855421686747,27.3,59.1,Degraded,49.9,Medium,anomaly (91/100); vibration (91/100); motor_current (59/100),anomaly=27.3; sensor_risk=13.6; tool_wear=0.0,Increase monitoring frequency and inspect tool at next planned maintenance,T+0 min,59.036144578313255,58.43373493975904,90.96385542168674,71.6867469879518,46.3855421686747,14.457831325301203
MILL_MC510V,5,2,3.0,1.5,0.5,2,0.16,ok,2.131901042225836,2.1238389505987523,5.0,2.345324619184644,2.1846971084164486,ok,8.1047121044209,3.1161874775857155,9.9951171875,1.2332476537996584,2.443475529876707,ok,0.9767137395095278,0.4405654376175577,3.34228515625,3.4219700420360213,6.536637599085768,ok,0.2842791592599577,0.0140390219909842,0.772705078125,2.7181207378472845,204.60421101403944,ok,0.1995383808870177,0.0707602507486936,0.5517578125,2.765171342197319,5.99923045220094,ok,0.1829661205013035,0.0354183156791431,0.362548828125,1.981507981530578,5.977902534678532,usable,0.16,observed,21.62162162162162,32.9,75.30120481927712,58.43373493975904,56.62650602409639,15.1,66.9,Watch,39.1,Medium,motor_current (75/100); vibration (58/100); acoustic_emission (57/100),tool_wear=11.9; sensor_risk=11.3; anomaly=9.9,Increase monitoring frequency and inspect tool at next planned maintenance,T+3 min,75.30120481927712,72.89156626506023,58.43373493975904,34.93975903614458,56.62650602409639,17.46987951807229
MILL_MC510V,5,3,6.0,1.5,0.5,2,0.29,ok,2.0767168996571765,2.0671970092847896,5.5126953125,2.654524222058085,2.2455576751765265,ok,7.928233856274497,3.1205665337954525,9.9951171875,1.2606990874251882,2.271562130230071,ok,0.924015403083162,0.4002846549378187,2.9345703125,3.1758889545618434,5.577574252482277,ok,0.2854749608432848,0.0168688905817335,1.036376953125,3.630360260178133,465.2454459440644,ok,0.2022175492083823,0.0600640407509727,0.552978515625,2.7345723345327904,7.697633058601286,ok,0.1848197079595529,0.0374620164042989,0.45654296875,2.47020717534865,11.139874763157536,usable,0.29,observed,39.18918918918919,47.3,72.89156626506023,50.0,59.63855421686747,28.4,53.3,Degraded,43.6,Medium,motor_current (73/100); acoustic_emission (60/100); vibration (50/100),tool_wear=21.6; anomaly=14.2; sensor_risk=10.9,Increase monitoring frequency and inspect tool at next planned maintenance,T+6 min,72.89156626506023,70.48192771084338,50.0,36.74698795180723,59.63855421686747,18.67469879518072
MILL_MC510V,5,4,9.0,1.5,0.5,2,0.44,ok,2.7633820259618957,2.758606551397885,5.849609375,2.1168297832297416,2.064829704509031,ok,8.713820718514075,3.162803937557431,9.9951171875,1.1470418672101474,2.9889138945835976,ok,1.1411693737132933,0.4160717622820069,2.7734375,2.430346944006198,4.651376828594904,ok,0.275465493212108,0.0407025355176163,1.524658203125,5.534842804958807,395.854556758053,ok,0.2720293753330093,0.0897781582558272,0.660400390625,2.427680429049738,3.938071386843868,ok,0.2352793303498759,0.056835059094067,0.48095703125,2.04419585236298,3.599679222717534,usable,0.44,observed,59.45945945945946,15.6,94.57831325301204,81.32530120481928,87.34939759036145,33.6,48.4,Degraded,60.1,High,motor_current (95/100); acoustic_emission (87/100); vibration (81/100),tool_wear=32.7; sensor_risk=14.2; anomaly=4.7,Schedule tool inspection/replacement and verify vibration/current signals,T+9 min,94.57831325301204,91.56626506024097,81.32530120481928,16.867469879518072,87.34939759036145,56.024096385542165
MILL_MC510V,5,5,12.0,1.5,0.5,2,0.53,ok,2.999554717166783,2.9957352101375267,6.220703125,2.073875528723032,2.0467541875418958,ok,8.773861797003526,3.119056588228248,9.9951171875,1.1391924580932449,3.1561310569836167,ok,1.0564455618136828,0.3838335594941492,2.2998046875,2.176926829575173,4.09875677601631,ok,0.2757553703213244,0.0513429667360919,1.88232421875,6.826065496203365,364.38020086626034,ok,0.2837130340806135,0.099487235330657,0.7421875,2.615979566827024,3.9015979563073206,ok,0.2538180242807626,0.0704471644894731,0.531005859375,2.092073094011369,3.729151617254401,usable,0.53,observed,71.62162162162163,26.3,98.19277108433735,72.28915662650603,90.36144578313254,47.6,38.0,Critical,65.6,High,motor_current (98/100); acoustic_emission (90/100); vibration (72/100),tool_wear=39.4; sensor_risk=14.7; anomaly=7.9,Schedule tool inspection/replacement and verify vibration/current signals,T+12 min,98.19277108433735,94.57831325301204,72.28915662650603,18.072289156626507,90.36144578313254,62.048192771084345
MILL_MC510V,5,6,15.0,1.5,0.5,2,0.74,ok,3.471087770955105,3.467845267879275,6.9677734375,2.0073746033741866,2.0720868985349368,ok,8.800181850928938,3.1349217443332007,9.9951171875,1.1357853004416938,3.195433159920261,ok,1.1775598160812375,0.4501213857800338,3.18115234375,2.7014783455618843,4.52286880551739,ok,0.2757901383295325,0.044350075305203,1.533203125,5.559310910394002,144.36890113549188,ok,0.2875630436153341,0.0917038896350555,0.5792236328125,2.014249207854744,3.133771104379313,ok,0.2901585401691047,0.0851904501252064,0.5950927734375,2.050922826840211,3.0952649641392056,usable,0.74,observed,100.0,67.7,99.3975903614458,83.73493975903614,93.37349397590361,90.3,9.8,Critical,90.3,Immediate,tool_wear (100/100); motor_current (99/100); acoustic_emission (93/100),tool_wear=55.0; anomaly=20.3; sensor_risk=14.9,Stop/inspect tool condition and verify sensor data before next production cycle,T+15 min,99.3975903614458,95.78313253012048,83.73493975903614,18.67469879518072,93.37349397590361,77.71084337349397
MILL_MC510V,6,1,0.0,1.5,0.25,2,0.0,ok,1.3809463159462425,1.3709942665402213,3.2177734375,2.3301220332325587,1.8857936216443072,ok,5.405159023704723,1.4791196070389128,6.3232421875,1.1698531273118489,5.041381263317419,ok,0.8354137372245385,0.2787035916654164,2.82470703125,3.381207305294057,6.372655899963474,ok,0.2765479019320984,0.0108483385970316,0.347900390625,1.2580113180868138,4.790976542330574,ok,0.0207264642695152,0.0004746503703234,0.0244140625,1.1779173804733574,8.134962993976965,ok,0.1398179249149889,0.0138023533982953,0.1971435546875,1.4100020065807424,3.193275026228426,usable,0.0,observed,0.0,0.9,31.32530120481928,38.55421686746988,4.216867469879518,0.3,93.9,Healthy,14.9,Low,vibration (39/100); motor_current (31/100); acoustic_emission (4/100),sensor_risk=5.8; anomaly=0.3; tool_wear=0.0,Continue operation and monitor,T+0 min,31.32530120481928,31.32530120481928,38.55421686746988,19.879518072289155,1.2048192771084338,4.216867469879518
MILL_MC510V,7,1,1.0,0.75,0.25,2,0.0,ok,0.8783224779009543,0.8604894715730637,2.0263671875,2.307087930096445,1.7873070064453191,ok,3.420531906464869,0.7191593543839572,3.9794921875,1.1634132632932097,5.315462469933687,ok,0.5644180392544275,0.2074439851679883,1.99462890625,3.5339566908266917,5.1099349315032505,ok,0.3062545513822608,0.0158566779371092,0.390625,1.275491248164845,4.355966912466141,ok,0.1184912356586318,0.0129525768272429,0.1995849609375,1.6843858520541664,4.616945183922934,ok,0.1266781381682285,0.0121630273041433,0.179443359375,1.4165298130233237,2.910829133589882,usable,0.0,observed,0.0,95.2,3.0120481927710845,66.86746987951807,6.024096385542169,28.6,61.4,Watch,32.1,Low,anomaly (95/100); vibration (67/100); acoustic_emission (6/100),anomaly=28.6; sensor_risk=10.0; tool_wear=0.0,Continue operation and monitor,T+1 min,3.0120481927710845,3.0120481927710845,10.843373493975903,66.86746987951807,6.024096385542169,1.8072289156626504
MILL_MC510V,7,2,3.0,0.75,0.25,2,0.09,ok,0.9864098711204308,0.9707168808843628,2.1826171875,2.212687901245984,1.7725608544184146,ok,3.857760642841211,0.8069997611273301,4.4384765625,1.1505318689834385,6.378640067865117,ok,0.6539780931139807,0.2227048855301457,1.97021484375,3.0126618375940035,5.2341419723746885,ok,0.332861506794521,0.0157056033150039,0.391845703125,1.1772034168123664,4.180217882950117,ok,0.1245976966094328,0.016317112704092,0.2557373046875,2.0525042729087377,8.270114569455446,ok,0.1347362621464778,0.0171398780186075,0.2337646484375,1.7349794681229092,6.033523157306273,usable,0.09,observed,19.565217391304348,82.6,6.024096385542169,83.13253012048193,7.83132530120482,29.2,52.0,Degraded,37.1,Medium,vibration (83/100); anomaly (83/100); tool_wear (20/100),anomaly=24.8; sensor_risk=12.5; tool_wear=10.8,Increase monitoring frequency and inspect tool at next planned maintenance,T+3 min,6.024096385542169,6.024096385542169,18.072289156626507,83.13253012048193,7.83132530120482,3.0120481927710845
MILL_MC510V,7,3,6.0,0.75,0.25,2,0.13,ok,1.061255211404846,1.0459909005768953,2.373046875,2.236075591898788,1.842703586660985,ok,4.152663278153011,1.053039255830289,4.84375,1.1664201201868691,4.689633828869228,ok,0.7132577173353554,0.2689387028951597,1.92138671875,2.6938183380971674,3.803125162525852,ok,0.2964659753695983,0.0194299296362235,0.379638671875,1.280547190619198,3.282044769876002,ok,0.1066801102478275,0.014244039724601,0.1971435546875,1.8479879166572823,6.346614944665586,ok,0.1456226160539206,0.0266319287553713,0.3448486328125,2.368098047918893,10.249287027534564,usable,0.13,observed,28.26086956521739,77.8,10.843373493975903,54.21686746987952,6.024096385542169,31.5,53.0,Degraded,31.5,Low,anomaly (78/100); vibration (54/100); tool_wear (28/100),anomaly=23.3; tool_wear=15.5; sensor_risk=8.1,Continue operation and monitor,T+6 min,10.843373493975903,10.843373493975903,22.89156626506024,54.21686746987952,3.614457831325301,6.024096385542169
MILL_MC510V,7,4,10.0,0.75,0.25,2,0.22,ok,1.2598961067803918,1.2480283048184455,2.76123046875,2.19163346397189,1.7879003474359765,ok,4.950051145899451,1.2193919825120056,5.654296875,1.1422703944549732,5.9348844419131215,ok,0.9570631773590376,0.3045204221826165,1.923828125,2.010137021786468,5.317970850356801,ok,0.3233338373670221,0.022188371990423,1.326904296875,4.103821324969162,511.2596254709725,ok,0.0216205270860083,0.0005972019033154,0.0250244140625,1.157437742465446,12.184220821234558,ok,0.1658581917218879,0.0253011085499619,0.2947998046875,1.7774208293555065,5.053674339381251,usable,0.22,observed,47.826086956521735,88.0,23.49397590361446,80.72289156626506,9.036144578313253,46.4,35.2,Critical,47.8,Medium,anomaly (88/100); vibration (81/100); tool_wear (48/100),anomaly=26.4; tool_wear=26.3; sensor_risk=12.1,Increase monitoring frequency and inspect tool at next planned maintenance,T+10 min,23.49397590361446,23.49397590361446,54.21686746987952,80.72289156626506,1.8072289156626504,9.036144578313253
MILL_MC510V,7,5,13.0,0.75,0.25,2,0.24,ok,1.2801704084005372,1.269705977100287,2.88330078125,2.2522788859415863,1.939099946709844,ok,5.034359643998114,1.6703824525567423,6.0107421875,1.193943741120029,3.025881185326718,ok,0.9716162170434592,0.4051783704574874,1.82373046875,1.87700702886328,3.1366924129312963,ok,0.3026623345527513,0.0217792412142904,0.872802734375,2.883750750359704,130.5126303033931,ok,0.1489005137202933,0.0273584696674813,0.291748046875,1.9593488268353692,3.866965052486436,ok,0.1825032592227297,0.0435430555334535,0.406494140625,2.2273253768398784,5.500925897996579,usable,0.24,observed,52.17391304347826,13.2,25.903614457831324,61.44578313253012,18.67469879518072,27.1,58.1,Degraded,34.7,Low,vibration (61/100); tool_wear (52/100); motor_current (26/100),tool_wear=28.7; sensor_risk=9.2; anomaly=4.0,Continue operation and monitor,T+13 min,25.903614457831324,25.903614457831324,57.831325301204814,61.44578313253012,18.67469879518072,16.265060240963855
MILL_MC510V,7,6,15.0,0.75,0.25,2,0.34,ok,1.3820195244224078,1.3725090616706783,3.0419921875,2.201120992678558,1.814200087751106,ok,5.441719527764291,1.521602801889552,6.2255859375,1.1440475580807108,4.81183686137044,ok,1.0300047709659048,0.3689162836672074,2.00439453125,1.9460050941010671,4.176368192712315,ok,0.317878740762016,0.013942313888484,0.39306640625,1.2365293926435856,4.127589834539882,ok,0.1509410662895586,0.0256415747553726,0.36376953125,2.410010345029302,6.985613398753729,ok,0.1870855312467872,0.0446664175289335,0.4705810546875,2.515325752605819,6.263186659198736,usable,0.34,observed,73.91304347826086,38.9,31.92771084337349,77.10843373493977,21.686746987951807,53.5,36.1,Critical,53.0,Medium,vibration (77/100); tool_wear (74/100); anomaly (39/100),tool_wear=40.7; anomaly=11.7; sensor_risk=11.6,Increase monitoring frequency and inspect tool at next planned maintenance,T+15 min,31.92771084337349,31.92771084337349,68.67469879518072,77.10843373493977,21.686746987951807,20.481927710843372
MILL_MC510V,7,7,19.0,0.75,0.25,2,0.46,ok,1.4384679454077198,1.4294968728672013,3.0908203125,2.148689042647932,1.8060000905282012,ok,5.686056671007239,1.5677745209258191,6.6162109375,1.1635851206398244,4.814517940673103,ok,1.2592694618254865,0.4444095084247998,2.63671875,2.093847925269001,4.206215474586873,ok,0.308309098367386,0.0350636911842673,2.30224609375,7.467331019207029,1369.2802563019047,ok,0.1505458916526044,0.0208375899412454,0.2398681640625,1.5933225505377449,3.552635949450844,ok,0.1820730491302842,0.0305207912406412,0.29541015625,1.6224815131040828,3.002128941333837,usable,0.46,observed,100.0,38.3,36.144578313253014,87.34939759036145,21.084337349397593,81.5,20.4,Critical,70.1,High,tool_wear (100/100); vibration (87/100); anomaly (38/100),tool_wear=55.0; sensor_risk=13.1; anomaly=11.5,Schedule tool inspection/replacement and verify vibration/current signals,T+19 min,35.54216867469879,36.144578313253014,87.34939759036145,68.67469879518072,21.084337349397593,15.66265060240964
MILL_MC510V,7,8,21.0,0.75,0.25,2,,ok,1.455717426814565,1.4469124266239022,3.1884765625,2.1903128339096063,1.8720611333332653,ok,5.713445500016883,1.7209850497644232,6.6796875,1.1691172165690724,4.059954738989749,ok,1.020569912340746,0.3831778124088985,2.42919921875,2.38023793311336,4.320544328679788,ok,0.2929272465447959,0.0597542661505915,2.09716796875,7.159347563191365,227.47824505819267,ok,0.157855956176305,0.030119197375124,0.3338623046875,2.1149807252917547,6.043771610816132,ok,0.1858390177983852,0.0425043575500489,0.37353515625,2.009993168674806,4.1727832200658135,usable,0.46,interpolated,100.0,25.7,37.95180722891566,66.86746987951807,26.506024096385545,77.7,27.3,Critical,63.9,High,tool_wear (100/100); vibration (67/100); motor_current (38/100),tool_wear=55.0; sensor_risk=10.0; anomaly=7.7,Schedule tool inspection/replacement and verify vibration/current signals,T+21 min,37.95180722891566,37.34939759036144,66.86746987951807,50.602409638554214,26.506024096385545,19.879518072289155
MILL_MC510V,8,1,0.0,0.75,0.5,2,0.0,ok,1.2484638139192596,1.2370529221546438,2.94189453125,2.356411534277677,2.021600172921145,ok,4.906190791383612,1.6585232833836954,5.9619140625,1.2151818622645625,2.536835249341992,ok,0.7920108243686097,0.3334503234707735,2.90771484375,3.671306949705336,7.094969695721206,ok,0.3273186709200428,0.0171378187092194,0.4052734375,1.238161686162296,3.747022790214363,ok,0.1354782219818696,0.0189305846656069,0.2667236328125,1.9687565197469563,7.334091027912336,ok,0.1491037606713093,0.0155708161448872,0.2142333984375,1.4368074787082556,3.332074402320086,usable,0.0,observed,0.0,85.0,21.686746987951807,81.92771084337349,10.843373493975903,25.5,62.2,Watch,37.6,Medium,anomaly (85/100); vibration (82/100); motor_current (22/100),anomaly=25.5; sensor_risk=12.3; tool_wear=0.0,Increase monitoring frequency and inspect tool at next planned maintenance,T+0 min,21.686746987951807,21.686746987951807,34.33734939759036,81.92771084337349,10.843373493975903,6.626506024096386
MILL_MC510V,8,2,3.0,0.75,0.5,2,0.18,ok,1.3686738818993138,1.358659213518748,3.12744140625,2.2850157715494306,2.0196656222824534,ok,5.39982308227454,1.8660316287163377,6.494140625,1.2026580363931672,2.5248881429234844,ok,0.8801430841673376,0.3713697247531786,2.96142578125,3.3647094824909094,6.243014541639299,ok,0.309711805566656,0.0187607835736951,1.41357421875,4.564159949147329,1403.8221932912725,ok,0.1544378247151927,0.0267286232573982,0.2935791015625,1.9009533584276028,5.443810418564431,ok,0.171403553308899,0.0329284978455342,0.401611328125,2.3430746934334747,9.491046448491591,usable,0.18,observed,29.032258064516128,60.5,30.72289156626506,70.48192771084338,22.89156626506024,26.7,55.3,Degraded,37.9,Medium,vibration (70/100); anomaly (60/100); motor_current (31/100),anomaly=18.1; tool_wear=16.0; sensor_risk=10.6,Increase monitoring frequency and inspect tool at next planned maintenance,T+3 min,30.72289156626506,30.72289156626506,46.3855421686747,70.48192771084338,22.89156626506024,10.843373493975903
MILL_MC510V,8,3,6.0,0.75,0.5,2,0.3,ok,1.5836879046690882,1.575535803367294,3.5498046875,2.2414799513414803,2.002073763033057,ok,6.255285345488031,2.2245558881527736,7.59765625,1.214597868901219,2.52926666888948,ok,1.0521727756841754,0.398704970828324,2.87353515625,2.731048761814572,4.828575243212506,ok,0.3035469784683139,0.013919246947675,0.5908203125,1.9463883827119923,26.304588394967343,ok,0.0765565932627159,0.0586738200469722,0.262451171875,3.4281981562440955,4.070343184956394,ok,0.1928107689625727,0.0429601822605357,0.3936767578125,2.0417778525994907,4.985363494255014,usable,0.3,observed,48.38709677419355,83.8,46.98795180722892,71.08433734939759,24.096385542168676,45.5,37.6,Critical,50.0,Medium,anomaly (84/100); vibration (71/100); tool_wear (48/100),tool_wear=26.6; anomaly=25.1; sensor_risk=10.7,Increase monitoring frequency and inspect tool at next planned maintenance,T+6 min,46.3855421686747,46.98795180722892,71.08433734939759,63.25301204819277,2.4096385542168677,24.096385542168676
MILL_MC510V,8,4,8.0,0.75,0.5,2,,ok,1.583497865393384,1.5750056254416138,3.7060546875,2.340422913406943,1.999685995758039,ok,6.247064460339659,2.207635534970733,7.578125,1.2130697623034865,2.596641522917537,ok,1.071298788639514,0.3989722876919768,2.9638671875,2.766611162942851,4.682393025524835,ok,0.3125117278547474,0.0248816014850987,1.65771484375,5.304488427119722,1184.5417989845005,ok,0.1667085714112069,0.0311084276699637,0.306396484375,1.83791680163462,3.888832821810848,ok,0.193841655242217,0.0448533071275054,0.4193115234375,2.163165202605092,5.490619090634559,usable,0.37,interpolated,59.67741935483871,6.0,46.3855421686747,74.69879518072288,35.54216867469879,30.9,54.2,Degraded,44.6,Medium,vibration (75/100); tool_wear (60/100); motor_current (46/100),tool_wear=32.8; sensor_risk=11.2; anomaly=1.8,Increase monitoring frequency and inspect tool at next planned maintenance,T+8 min,45.78313253012048,46.3855421686747,74.69879518072288,72.89156626506023,35.54216867469879,24.69879518072289
MILL_MC510V,8,5,9.0,0.75,0.5,2,0.44,ok,1.64310367284378,1.6350806335136716,3.53271484375,2.150025529206961,1.9879569177369236,ok,6.486955013100012,2.3046680804660977,7.822265625,1.205845517535146,2.580922509849662,ok,1.0110835889431704,0.3821110644965477,2.734375,2.704400536117282,4.440797355858788,ok,0.2813411188283756,0.0225907488163159,1.0986328125,3.904984870577293,529.2432929938132,ok,0.1730205185487529,0.0343552612163238,0.36865234375,2.130685694621774,3.9543565989717497,ok,0.2166502765269954,0.0649054636883001,0.5096435546875,2.352378971561774,4.262167866294703,usable,0.44,observed,70.96774193548387,52.7,52.40963855421686,66.26506024096386,40.36144578313253,54.9,35.2,Critical,55.9,Medium,tool_wear (71/100); vibration (66/100); anomaly (53/100),tool_wear=39.0; anomaly=15.8; sensor_risk=9.9,Increase monitoring frequency and inspect tool at next planned maintenance,T+9 min,52.40963855421686,52.40963855421686,66.26506024096386,28.313253012048197,37.34939759036144,40.36144578313253
MILL_MC510V,8,6,12.0,0.75,0.5,2,0.62,ok,1.8065903469111848,1.799236610133875,4.111328125,2.2757390085843543,2.0345873952467115,ok,7.129926396831648,2.627863184947833,8.73046875,1.224482310768084,2.4522399797392587,ok,1.3138739002612598,0.4747053731696933,2.5732421875,1.9585153392470616,3.91085876937497,ok,0.2751300652294927,0.0126726952342338,0.750732421875,2.7286455271475587,250.48292170988856,ok,0.1764681026671742,0.0337395355739875,0.3173828125,1.798527936217447,4.036065050528581,ok,0.2112652095216956,0.048258326359135,0.46142578125,2.184106802499492,5.383519210022884,usable,0.62,observed,100.0,76.6,62.048192771084345,89.7590361445783,40.36144578313253,93.0,8.6,Critical,82.3,Immediate,tool_wear (100/100); vibration (90/100); anomaly (77/100),tool_wear=55.0; anomaly=23.0; sensor_risk=13.5,Stop/inspect tool condition and verify sensor data before next production cycle,T+12 min,61.44578313253012,62.048192771084345,89.7590361445783,16.265060240963855,40.36144578313253,36.74698795180723
MILL_MC510V,13,1,1.0,0.75,0.25,2,,ok,0.9977069731314284,0.9824750806351584,2.6708984375,2.6770369551636723,2.044916260820611,ok,3.91375915712276,1.1456332372035891,4.7265625,1.207678426353034,3.2196634751482462,ok,0.6808798930785631,0.3250182301601529,1.8310546875,2.689247701556132,2.8005254857122366,ok,0.3017680024117506,0.0180670958831896,0.40283203125,1.33490637850668,4.8478987749310525,ok,0.1115440531462172,0.012480502107091,0.1788330078125,1.6032500412771802,4.074070492094173,ok,0.124746728817204,0.0125069713930472,0.1727294921875,1.384641455722837,2.921449714630856,usable,0.1,interpolated,6.5359477124183005,65.3,7.83132530120482,60.24096385542169,4.819277108433735,20.3,67.8,Watch,26.9,Low,anomaly (65/100); vibration (60/100); motor_current (8/100),anomaly=19.6; sensor_risk=9.0; tool_wear=3.6,Continue operation and monitor,T+1 min,7.83132530120482,7.83132530120482,22.289156626506024,60.24096385542169,4.819277108433735,1.2048192771084338
MILL_MC510V,13,2,2.0,0.75,0.25,2,,ok,0.9519559667217278,0.9356817999118676,2.3291015625,2.446648420638964,1.8296141579928549,ok,3.7290089728402975,0.7857395531828549,4.287109375,1.1496645372063723,6.298873154425676,ok,0.5872045987260673,0.2050570362448081,2.06787109375,3.52155125868002,8.977358684727056,ok,0.2986617842207589,0.0130423832837151,0.37353515625,1.2506961920934851,4.257665992371608,ok,0.1154368937825324,0.016077143184637,0.2154541015625,1.8664232421787097,6.986763495475346,ok,0.1279252752848743,0.0156659185411789,0.225830078125,1.7653280606224064,6.571267305010205,usable,0.1,interpolated,6.5359477124183005,65.9,5.421686746987952,56.62650602409639,5.421686746987952,20.4,68.1,Watch,25.7,Low,anomaly (66/100); vibration (57/100); tool_wear (7/100),anomaly=19.8; sensor_risk=8.5; tool_wear=3.6,Continue operation and monitor,T+2 min,5.421686746987952,5.421686746987952,13.253012048192772,56.62650602409639,5.421686746987952,2.4096385542168677
MILL_MC510V,13,3,4.0,0.75,0.25,2,0.1,ok,1.0193981871445374,1.0056200049166752,2.4072265625,2.3614193088184536,1.8139595920889364,ok,4.009848924223645,0.8429607229675424,4.5849609375,1.1434248581788051,6.534406415400317,ok,0.6361477372352498,0.2044583174443321,1.533203125,2.4101368837072603,5.682272920045795,ok,0.2840663053040637,0.0207963635166551,1.6357421875,5.758311200419735,2233.6381946643646,ok,0.1036265778266778,0.0161843731722397,0.2191162109375,2.114478886892043,10.51620795125029,ok,0.1358870494881381,0.0203498627125084,0.2630615234375,1.9358836947779,7.630678319337827,usable,0.1,observed,6.5359477124183005,56.3,9.63855421686747,33.734939759036145,3.614457831325301,17.6,74.5,Watch,19.0,Low,anomaly (56/100); vibration (34/100); motor_current (10/100),anomaly=16.9; sensor_risk=5.1; tool_wear=3.6,Continue operation and monitor,T+4 min,9.63855421686747,9.63855421686747,16.867469879518072,33.734939759036145,3.0120481927710845,3.614457831325301
MILL_MC510V,13,4,7.0,0.75,0.25,2,0.13,ok,1.104299424245757,1.089743581556761,2.54638671875,2.305884312569383,1.789024314859987,ok,4.336527386959407,0.9345571111133908,4.951171875,1.1417365631974976,6.751167578517285,ok,0.6579693085586495,0.2097625149553035,1.8408203125,2.797729755100145,6.149890495115836,ok,0.2864749614628959,0.0183101236849887,1.0888671875,3.800915730770519,437.85173425205625,ok,0.1242748392444826,0.0218184183047252,0.2685546875,2.1609739278722246,8.538322861771132,ok,0.1513158463670874,0.038208224021701,0.39794921875,2.6299242828933984,12.702090804213803,usable,0.13,observed,8.49673202614379,41.3,14.457831325301203,39.1566265060241,7.228915662650602,13.4,77.1,Watch,19.4,Low,anomaly (41/100); vibration (39/100); motor_current (14/100),anomaly=12.4; sensor_risk=5.9; tool_wear=4.7,Continue operation and monitor,T+7 min,14.457831325301203,14.457831325301203,19.27710843373494,39.1566265060241,7.228915662650602,7.228915662650602
MILL_MC510V,13,5,11.0,0.75,0.25,2,0.17,ok,1.195089536329223,1.181286820100655,2.85888671875,2.392194586130191,1.8632623186619772,ok,4.698706622926898,1.2340108124731908,5.4443359375,1.158688203884387,4.860359715066231,ok,0.6726963050486005,0.2141999386572925,1.171875,1.7420565435001063,4.664468913075745,ok,0.2881100778469134,0.0154766437616749,0.37353515625,1.2965015283053738,4.768243061722705,ok,0.1228770395899048,0.0289716459451683,0.2154541015625,1.7534122101233267,9.073685538595551,ok,0.1417865795558212,0.0201413149171719,0.3741455078125,2.6387935232090176,11.94846203723642,usable,0.17,observed,11.11111111111111,37.1,19.27710843373494,42.77108433734939,6.626506024096386,12.8,76.3,Watch,20.6,Low,vibration (43/100); anomaly (37/100); motor_current (19/100),anomaly=11.1; sensor_risk=6.4; tool_wear=6.1,Continue operation and monitor,T+11 min,19.27710843373494,19.27710843373494,21.084337349397593,42.77108433734939,6.626506024096386,4.819277108433735
MILL_MC510V,13,6,16.0,0.75,0.25,2,0.32,ok,1.3959760884689922,1.3852971789235682,3.00537109375,2.152881498882925,1.804990721284875,ok,5.493996861543219,1.377136277440468,6.2744140625,1.1420490802276189,6.028508096509224,ok,0.9861897088384102,0.3254782930770718,2.1875,2.218133063439024,5.239721106051624,ok,0.2841024074515362,0.0295319535910247,1.939697265625,6.827458038873033,1352.790969863158,ok,0.1399123400713509,0.0254217800321487,0.3155517578125,2.2553532994253622,6.827765202165427,ok,0.1652159092602422,0.0357518827517605,0.4046630859375,2.4492985436265693,5.714608375797868,usable,0.32,observed,20.91503267973856,4.2,32.53012048192771,59.036144578313255,13.855421686746988,6.2,78.4,Watch,24.1,Low,vibration (59/100); motor_current (33/100); tool_wear (21/100),tool_wear=11.5; sensor_risk=8.9; anomaly=1.3,Continue operation and monitor,T+16 min,32.53012048192771,32.53012048192771,59.036144578313255,34.33734939759036,13.855421686746988,8.433734939759036
MILL_MC510V,13,7,19.0,0.75,0.25,2,0.38,ok,1.4897359329700108,1.4798455676061035,3.3154296875,2.2255150151933107,1.7519948993225876,ok,5.884847920261536,1.325092261010843,6.640625,1.1284276314321044,7.279453889224559,ok,1.000925455747746,0.343597124568984,2.3876953125,2.3854876492414467,4.532872823706922,ok,0.2799570309833465,0.0173316421138825,0.87158203125,3.1132707336746024,333.9851138721083,ok,0.1435642541997695,0.038382229102327,0.28564453125,1.9896633242042003,6.7645752523516816,ok,0.1690779265334319,0.032871111600144,0.3228759765625,1.9096282003242315,4.22422138131531,usable,0.38,observed,24.836601307189543,2.4,42.77108433734939,63.25301204819277,15.060240963855422,7.3,76.1,Watch,27.4,Low,vibration (63/100); motor_current (43/100); tool_wear (25/100),tool_wear=13.7; sensor_risk=9.5; anomaly=0.7,Continue operation and monitor,T+19 min,41.566265060240966,42.77108433734939,63.25301204819277,24.69879518072289,15.060240963855422,10.240963855421686
MILL_MC510V,13,8,22.0,0.75,0.25,2,0.49,ok,1.5334176988819517,1.5241388975086874,3.4228515625,2.2321716809408447,1.8321404446592595,ok,6.049854215156316,1.6114562480887176,7.0263671875,1.1614109923336875,5.404048714503127,ok,1.0013929639166956,0.3660745151648755,2.34619140625,2.342927792373457,4.266229453151459,ok,0.2745496822767963,0.0316192541521887,1.5771484375,5.744491941914547,764.4510417047356,ok,0.1526825319561864,0.0306909586912553,0.44189453125,2.8942048942043432,6.990874336172968,ok,0.1990584211390721,0.058911857114159,0.5096435546875,2.560271259907549,5.927823797183752,usable,0.49,observed,32.02614379084967,12.0,43.97590361445783,63.85542168674698,29.518072289156628,13.7,69.2,Watch,32.4,Low,vibration (64/100); motor_current (44/100); tool_wear (32/100),tool_wear=17.6; sensor_risk=9.6; anomaly=3.6,Continue operation and monitor,T+22 min,43.373493975903614,43.97590361445783,63.85542168674698,15.060240963855422,22.289156626506024,29.518072289156628
MILL_MC510V,13,9,25.0,0.75,0.25,2,0.56,ok,1.5988631306076635,1.589930433154758,3.564453125,2.229367265253696,1.8848145101353164,ok,6.311468671307657,1.8334833256742864,7.2802734375,1.1534991008662434,4.589178587661426,ok,0.9376714980478642,0.3622580531092255,2.1337890625,2.2756253836658726,3.640713298658268,ok,0.2831257658202588,0.0561318770197726,1.788330078125,6.316380541833121,291.8393052956756,ok,0.1480628184241807,0.0211949833797351,0.2325439453125,1.570576244501312,3.686333532631157,ok,0.1766173314398499,0.0336305580346105,0.51025390625,2.8890364387647125,9.335179386663985,usable,0.56,observed,36.60130718954249,1.8,48.795180722891565,52.40963855421686,17.46987951807229,13.2,71.5,Watch,28.8,Low,vibration (52/100); motor_current (49/100); tool_wear (37/100),tool_wear=20.1; sensor_risk=7.9; anomaly=0.5,Continue operation and monitor,T+25 min,47.59036144578313,48.795180722891565,52.40963855421686,32.53012048192771,17.46987951807229,13.253012048192772
MILL_MC510V,13,10,29.0,0.75,0.25,2,0.68,ok,1.863695741087212,1.8567351189562529,4.22607421875,2.2675773333486267,1.8311850092945336,ok,7.377780050525673,2.0591807156655646,8.4521484375,1.1456221762665086,5.361035474918607,ok,1.2933314687655633,0.4009585266796373,1.99951171875,1.5460164443821298,5.74167777906467,ok,0.2686918083542164,0.026680959650488,1.512451171875,5.628944109362303,1123.7951862377631,ok,0.164859139696816,0.027591023091727,0.286865234375,1.740062667443364,3.665521155873724,ok,0.1962154143771984,0.0333550934738996,0.341796875,1.7419471150273558,3.456602058217576,usable,0.68,observed,44.44444444444444,45.5,64.45783132530121,88.55421686746988,31.92771084337349,31.3,48.6,Degraded,50.6,Medium,vibration (89/100); motor_current (64/100); anomaly (46/100),tool_wear=24.4; anomaly=13.7; sensor_risk=13.3,Increase monitoring frequency and inspect tool at next planned maintenance,T+29 min,64.45783132530121,64.45783132530121,88.55421686746988,6.024096385542169,31.92771084337349,25.903614457831324
MILL_MC510V,13,11,32.0,0.75,0.25,2,0.83,ok,2.0114155029077727,2.0053952186692694,4.34814453125,2.1617336273693866,1.7758024874382958,ok,7.965691359027258,1.942533640843567,8.9501953125,1.1235930328076185,7.046702634093955,ok,1.1907606182806287,0.309576441986341,2.09716796875,1.761200308905409,8.036200172153746,ok,0.2706888277952016,0.0192379241162427,1.009521484375,3.729453825612104,565.1351284423333,ok,0.182745181723603,0.0415618929091741,0.447998046875,2.451490335598194,6.212435036724493,ok,0.208203094920589,0.0547909794033849,0.438232421875,2.104831448543269,4.873391110301724,usable,0.83,observed,54.248366013071895,29.3,71.08433734939759,84.33734939759037,44.57831325301205,33.5,48.7,Degraded,53.0,Medium,vibration (84/100); motor_current (71/100); tool_wear (54/100),tool_wear=29.8; sensor_risk=12.7; anomaly=8.8,Increase monitoring frequency and inspect tool at next planned maintenance,T+32 min,69.87951807228916,71.08433734939759,84.33734939759037,8.433734939759036,44.57831325301205,34.33734939759036
MILL_MC510V,13,12,35.0,0.75,0.25,2,0.92,ok,2.0949581461050992,2.088891572836251,4.716796875,2.251499336045025,1.8267512305405869,ok,8.270975173675616,2.27144939321127,9.345703125,1.129939690152116,5.744948473608424,ok,1.0618869830039108,0.3122580101012391,1.923828125,1.811707042077097,6.329540175801224,ok,0.268480012317935,0.017435413707225,0.904541015625,3.369118646160035,336.6504482606662,ok,0.1878054951394495,0.0464977345631871,0.504150390625,2.684428324357459,6.893249126640637,ok,0.228039422487914,0.0774936221529738,0.6317138671875,2.770195873558706,5.048753576966918,usable,0.92,observed,60.130718954248366,39.5,74.69879518072288,73.49397590361446,52.40963855421686,41.3,43.9,Degraded,55.5,Medium,motor_current (75/100); vibration (73/100); tool_wear (60/100),tool_wear=33.1; anomaly=11.8; sensor_risk=11.2,Increase monitoring frequency and inspect tool at next planned maintenance,T+35 min,73.49397590361446,74.69879518072288,73.49397590361446,5.421686746987952,50.0,52.40963855421686
MILL_MC510V,13,13,38.0,0.75,0.25,2,1.07,ok,2.152134509338255,2.145964542309429,4.70703125,2.18714547328417,1.8216004537092705,ok,8.513139280668156,2.443110683797965,9.86328125,1.1585950757785228,5.306348795937803,ok,0.9190416610536064,0.3203641742158231,1.96533203125,2.1384580422554174,4.042421905309581,ok,0.2667978991390621,0.0247447059633461,1.317138671875,4.9368404928238805,676.3266454302889,ok,0.1995500058651115,0.0566542587007481,0.5804443359375,2.9087663185885857,7.88433769961585,ok,0.2364839604014283,0.0739676270457458,0.615234375,2.601590289476912,5.358354429001359,usable,1.07,observed,69.93464052287581,40.1,81.92771084337349,49.39759036144578,57.831325301204814,50.1,37.2,Critical,55.5,Medium,motor_current (82/100); tool_wear (70/100); acoustic_emission (58/100),tool_wear=38.5; sensor_risk=12.3; anomaly=12.0,Increase monitoring frequency and inspect tool at next planned maintenance,T+38 min,76.50602409638554,81.92771084337349,49.39759036144578,4.216867469879518,57.22891566265061,57.831325301204814
MILL_MC510V,13,14,42.0,0.75,0.25,2,1.3,ok,2.4169384730885564,2.4117894759749685,5.0,2.06873284350037,1.8488949016773408,ok,8.962849507270207,2.716872687221616,9.9951171875,1.1151718188943545,4.919555678246141,ok,1.0459899925592413,0.370151361833824,1.84814453125,1.766885481118559,3.822194364938454,ok,0.2691133478248407,0.0176787798358281,1.044921875,3.882831838115407,711.0829613756729,ok,0.1941302656842052,0.0425489649803154,0.3912353515625,2.015323835165988,4.390080654478419,ok,0.2025311165500358,0.0357155610937263,0.3778076171875,1.865429982420979,4.15452303106968,usable,1.3,observed,84.9673202614379,46.1,98.19277108433735,70.48192771084338,53.01204819277109,66.9,24.7,Critical,71.1,High,motor_current (98/100); tool_wear (85/100); vibration (70/100),tool_wear=46.7; sensor_risk=14.7; anomaly=13.8,Schedule tool inspection/replacement and verify vibration/current signals,T+42 min,84.33734939759037,98.19277108433735,70.48192771084338,6.626506024096386,53.01204819277109,32.53012048192771
MILL_MC510V,13,15,45.0,0.75,0.25,2,1.53,ok,2.4569039267829105,2.4518063075096643,5.1513671875,2.096690526374445,1.7804862176152323,ok,9.175282761896629,2.3462708472900378,9.9951171875,1.0893524970158863,6.940338652510249,ok,0.7638920576338117,0.2560824962154923,1.748046875,2.2883427802775715,3.852947570704797,ok,0.2684166358075089,0.0259765675816592,1.812744140625,6.753471651132048,1603.822760988128,ok,0.2026387636625373,0.053377773716294,0.526123046875,2.5963593409431667,6.857329165918301,ok,0.2298675320103219,0.0779693143518522,0.615234375,2.6764735742222925,4.961728352540794,usable,1.53,observed,100.0,53.3,99.3975903614458,27.10843373493976,60.24096385542169,86.0,14.1,Critical,70.7,High,tool_wear (100/100); motor_current (99/100); acoustic_emission (60/100),tool_wear=55.0; anomaly=16.0; sensor_risk=14.9,Schedule tool inspection/replacement and verify vibration/current signals,T+45 min,87.34939759036145,99.3975903614458,27.10843373493976,4.819277108433735,60.24096385542169,53.6144578313253
MILL_MC510V,14,1,1.0,0.75,0.5,2,,ok,1.264642288147235,1.2539823922765414,3.1884765625,2.5212477808003384,2.2257980885702704,ok,5.002115744014812,1.74433567416015,6.1328125,1.2260437010752652,2.4598880682373814,ok,0.8769254691887418,0.4039725382269254,3.3349609375,3.803015255767887,6.946207239472293,ok,0.3160648581608976,0.0162580969305698,0.40771484375,1.2899720839611868,4.374180421616941,ok,0.1396301878569445,0.0265936437217738,0.2801513671875,2.006381080519045,5.779053014908589,ok,0.1453150628204586,0.0211050786491345,0.245361328125,1.6884782854648948,4.587464331428127,usable,0.09,interpolated,7.894736842105264,70.7,25.301204819277107,75.30120481927712,13.253012048192772,22.1,63.2,Watch,35.0,Medium,vibration (75/100); anomaly (71/100); motor_current (25/100),anomaly=21.2; sensor_risk=11.3; tool_wear=4.3,Increase monitoring frequency and inspect tool at next planned maintenance,T+1 min,24.69879518072289,25.301204819277107,45.78313253012048,75.30120481927712,13.253012048192772,5.421686746987952
MILL_MC510V,14,2,3.0,0.75,0.5,2,0.09,ok,1.4501611984013776,1.4406641253649208,3.75,2.585919416497505,2.167577310937834,ok,5.753642827570723,2.0122304697280664,6.9970703125,1.2161113440983362,2.4825610166695644,ok,0.7910495758096601,0.3466035836000822,2.82470703125,3.570834392212735,6.903884039305497,ok,0.3086736165284559,0.022153609036668,1.212158203125,3.926989992710722,533.5933698359064,ok,0.154960894909326,0.0359063078388779,0.341796875,2.205697606468997,6.2749378201087405,ok,0.1688592912273635,0.0439996085203179,0.4705810546875,2.786823581126437,12.133913358833238,usable,0.09,observed,7.894736842105264,47.9,38.55421686746988,69.87951807228916,23.49397590361446,15.3,70.8,Watch,33.3,Low,vibration (70/100); anomaly (48/100); motor_current (39/100),anomaly=14.4; sensor_risk=10.5; tool_wear=4.3,Continue operation and monitor,T+3 min,37.34939759036144,38.55421686746988,33.734939759036145,69.87951807228916,23.49397590361446,9.63855421686747
MILL_MC510V,14,3,6.0,0.75,0.5,2,0.17,ok,1.6172941914950285,1.608262612659629,4.169921875,2.578332313889498,2.1293083571885787,ok,6.404614542173089,2.26156614797825,7.8564453125,1.2266851128613083,2.557995585836358,ok,1.262424109373842,0.5114931168832145,3.56689453125,2.825432835734056,4.012772001035491,ok,0.3157436594211087,0.0733641981064492,2.42919921875,7.693580365781702,207.22073423266005,ok,0.1608156522515701,0.0362306604630059,0.364990234375,2.2696188415898844,6.216865274497934,ok,0.1944026217063199,0.0523461293491073,0.48095703125,2.4740254376512363,6.297551144088784,usable,0.17,observed,14.912280701754389,34.1,50.0,87.95180722891565,28.915662650602407,13.0,68.4,Watch,38.9,Medium,vibration (88/100); motor_current (50/100); anomaly (34/100),sensor_risk=13.2; anomaly=10.2; tool_wear=8.2,Increase monitoring frequency and inspect tool at next planned maintenance,T+6 min,49.39759036144578,50.0,87.95180722891565,74.09638554216868,28.915662650602407,25.301204819277107
MILL_MC510V,14,4,9.0,0.75,0.5,2,0.24,ok,1.689196858849025,1.6808155450219338,4.22119140625,2.4989339662422245,2.091793453837036,ok,6.697020585556434,2.3381901338856843,8.3154296875,1.241661061253533,2.6319130919357865,ok,1.1542931642883292,0.441017339787537,2.8857421875,2.5000080367596067,3.589526473163529,ok,0.3192684463901292,0.0997201253500963,2.041015625,6.392788413859081,139.4295222266422,ok,0.1658150178942437,0.0382116669487031,0.382080078125,2.304254964205866,6.3144795846279225,ok,0.1992465066376866,0.056355310182192,0.5340576171875,2.6803863525495046,6.8940961822441365,usable,0.24,observed,21.05263157894737,21.0,54.81927710843374,82.53012048192771,33.734939759036145,11.3,69.7,Watch,37.9,Medium,vibration (83/100); motor_current (55/100); acoustic_emission (34/100),sensor_risk=12.4; tool_wear=11.6; anomaly=6.3,Increase monitoring frequency and inspect tool at next planned maintenance,T+9 min,54.81927710843374,54.81927710843374,82.53012048192771,78.3132530120482,33.734939759036145,30.120481927710845
MILL_MC510V,14,5,11.0,0.75,0.5,2,,ok,1.6536428222228343,1.6445385850616552,3.92822265625,2.3754964515053434,2.049815304537642,ok,6.560676704099548,2.311994201494397,8.1103515625,1.236206557386203,2.634321837849809,ok,1.1541653745577451,0.4358272213531265,2.9443359375,2.5510520436689275,3.52916329524439,ok,0.3036914695177974,0.0451764429944335,1.832275390625,6.0333449389548575,387.7023982207174,ok,0.164876753846303,0.0360117234078839,0.4095458984375,2.483951732921621,5.027357992461696,ok,0.2002877004141231,0.0555408220916904,0.5426025390625,2.709115626860178,7.447173725230446,usable,0.295,interpolated,25.877192982456144,16.2,53.6144578313253,81.92771084337349,32.53012048192771,11.9,68.6,Watch,37.7,Medium,vibration (82/100); motor_current (54/100); acoustic_emission (33/100),tool_wear=14.2; sensor_risk=12.3; anomaly=4.9,Increase monitoring frequency and inspect tool at next planned maintenance,T+11 min,53.01204819277109,53.6144578313253,81.92771084337349,63.85542168674698,32.53012048192771,31.32530120481928
MILL_MC510V,14,6,12.0,0.75,0.5,2,0.35,ok,1.866103629436084,1.8588832873814516,4.55078125,2.438654090916032,2.0990150617264884,ok,7.411077067008488,2.776214997869438,9.0869140625,1.2261259706703798,2.359958562306697,ok,0.9706727945700684,0.4070094626513134,3.02978515625,3.121324892585287,4.622316038423984,ok,0.2964338764714778,0.0759941369999863,1.768798828125,5.96692540398372,126.01970520182368,ok,0.1749099556554955,0.0437966188714461,0.38818359375,2.2193338983651163,4.212627453268682,ok,0.2209889694206538,0.069975873274747,0.574951171875,2.601718870311464,5.130184062330922,usable,0.35,observed,30.701754385964914,5.4,65.06024096385542,57.22891566265061,42.77108433734939,11.0,71.7,Watch,33.8,Low,motor_current (65/100); vibration (57/100); acoustic_emission (43/100),tool_wear=16.9; sensor_risk=9.8; anomaly=1.6,Continue operation and monitor,T+12 min,65.06024096385542,65.06024096385542,57.22891566265061,53.6144578313253,39.1566265060241,42.77108433734939
MILL_MC510V,14,8,18.0,0.75,0.5,2,0.6,ok,2.2367968548996293,2.2304986158914546,5.0390625,2.25280292618431,2.065787538840435,ok,8.509599729881197,3.1562917834289337,9.9951171875,1.1745696043024538,2.529817841067979,ok,1.0307533198362355,0.4137786166740529,2.68798828125,2.6077900788856594,3.9947970734735865,ok,0.2851747048152895,0.0541196972811255,1.82373046875,6.395134063257304,227.71828249986373,ok,0.2212600784796042,0.0763618356761951,0.9124755859375,4.123995581143609,7.7352625667919455,ok,0.3165442084866546,0.1503542102907523,1.0906982421875,3.445642703110892,6.9591859257198925,usable,0.6,observed,52.631578947368425,86.2,81.32530120481928,69.27710843373494,81.92771084337349,49.4,32.9,Critical,62.4,High,anomaly (86/100); acoustic_emission (82/100); motor_current (81/100),tool_wear=28.9; anomaly=25.9; sensor_risk=12.3,Schedule tool inspection/replacement and verify vibration/current signals,T+18 min,80.12048192771084,81.32530120481928,69.27710843373494,36.144578313253014,71.6867469879518,81.92771084337349
MILL_MC510V,14,9,21.0,0.75,0.5,2,0.81,ok,2.4195631279749605,2.4144963795861525,5.4296875,2.2440776341893183,2.0510399745688552,ok,8.599729354213586,3.13947803267527,9.9951171875,1.1622595055972962,2.7407779051893044,ok,0.9358733978708405,0.3863298626553868,3.12744140625,3.341735552438766,3.942843367155304,ok,0.2876792240816662,0.0701001931577438,1.802978515625,6.2673226451240165,174.53143241362412,ok,0.2321733279322058,0.0855986564838763,1.102294921875,4.74772417524256,8.493738478274407,ok,0.3222609472095833,0.140788947962916,0.88623046875,2.7500399177157746,4.790362840406994,usable,0.81,observed,71.05263157894737,92.2,85.54216867469879,51.80722891566265,83.73493975903614,66.8,20.4,Critical,67.6,High,anomaly (92/100); motor_current (86/100); acoustic_emission (84/100),tool_wear=39.1; anomaly=27.7; sensor_risk=12.8,Schedule tool inspection/replacement and verify vibration/current signals,T+21 min,85.54216867469879,84.93975903614458,51.80722891566265,41.566265060240966,76.50602409638554,83.73493975903614
MILL_MC510V,14,10,24.0,0.75,0.5,2,1.14,ok,2.615759260123932,2.6110419527168083,5.634765625,2.1541606335480874,2.0696039623636886,ok,8.635882617909564,3.086984639016233,9.9951171875,1.1573938217699282,2.791033048929081,ok,1.0283300641032125,0.3836449781735289,2.5048828125,2.435874336399982,3.401799695055616,ok,0.2745388276818949,0.0306923690966817,1.29150390625,4.704266850522678,340.71076560426167,ok,0.2081411245920269,0.0584844660247915,0.4443359375,2.1347820540933404,3.346226340981544,ok,0.2550518214457016,0.0690359093838392,0.576171875,2.259038464151502,3.251377437304928,usable,1.14,observed,100.0,90.4,90.36144578313254,67.46987951807229,62.65060240963856,97.1,4.3,Critical,85.2,Immediate,tool_wear (100/100); anomaly (90/100); motor_current (90/100),tool_wear=55.0; anomaly=27.1; sensor_risk=13.6,Stop/inspect tool condition and verify sensor data before next production cycle,T+24 min,90.36144578313254,86.74698795180723,67.46987951807229,14.457831325301203,62.048192771084345,62.65060240963856
MILL_MC510V,15,1,1.0,1.5,0.25,2,,ok,1.475019440100773,1.464581194482203,3.3056640625,2.241098640891076,1.8913376183255275,ok,5.816955991779813,1.6269734757832677,6.9091796875,1.1877655078124136,4.856497792971309,ok,0.7861259006278002,0.3587251574781965,3.45947265625,4.400659809685528,9.771734643251396,ok,0.2824020977960034,0.0272112308354593,1.47705078125,5.230310938808023,1045.4559485279758,ok,0.1503981598016544,0.0369253147135922,0.3680419921875,2.4471176553651177,6.721283950984402,ok,0.1561923476987381,0.0353623111441547,0.3851318359375,2.465753550730102,9.180485617753469,usable,0.15,interpolated,21.42857142857143,98.8,40.963855421686745,33.13253012048193,20.481927710843372,34.7,52.4,Degraded,33.8,Low,anomaly (99/100); motor_current (41/100); vibration (33/100),anomaly=29.6; tool_wear=11.8; sensor_risk=6.1,Continue operation and monitor,T+1 min,39.75903614457831,40.963855421686745,33.13253012048193,31.92771084337349,20.481927710843372,7.83132530120482
MILL_MC510V,15,2,3.0,1.5,0.25,2,0.15,ok,1.774997619842223,1.7675322014949162,3.9794921875,2.2419704359104937,1.8277528403033128,ok,7.006772863112292,1.9589762455681332,8.1640625,1.165167283069669,5.2784899510731655,ok,0.9607236853464588,0.4105202624801626,3.46923828125,3.611067712976497,7.612319623810532,ok,0.2747294003737383,0.0273672710825093,1.524658203125,5.549672517922455,748.0528027251328,ok,0.1915334130993145,0.0603985699492739,0.4833984375,2.5238334642260187,4.466782657452627,ok,0.1772254513810411,0.0437459172054346,0.3515625,1.983702099548581,3.915663345196096,usable,0.15,observed,21.42857142857143,57.5,59.63855421686747,55.42168674698795,51.204819277108435,22.4,62.0,Watch,39.1,Medium,motor_current (60/100); anomaly (58/100); vibration (55/100),anomaly=17.2; tool_wear=11.8; sensor_risk=8.9,Increase monitoring frequency and inspect tool at next planned maintenance,T+3 min,59.63855421686747,59.036144578313255,55.42168674698795,15.66265060240964,51.204819277108435,13.855421686746988
MILL_MC510V,15,3,6.0,1.5,0.25,2,0.28,ok,1.9037785572101216,1.8969575144602275,4.1064453125,2.156997355047219,1.8778301571180391,ok,7.536866511759372,2.258755475399381,8.8720703125,1.1771563551850366,4.743867945198209,ok,0.9702906434291316,0.4135521087680497,3.26416015625,3.3641055681117105,6.876842496713396,ok,0.2811037160008975,0.0225772891814089,0.86669921875,3.0832008593730214,275.62217478258617,ok,0.197908197501996,0.0660945526496814,0.5963134765625,3.0130812370895987,4.793238191244325,ok,0.2111300071751862,0.0728592480940384,0.504150390625,2.387867065264156,4.501412269588907,usable,0.28,observed,40.00000000000001,59.9,66.86746987951807,56.62650602409639,56.024096385542165,32.7,50.0,Degraded,46.1,Medium,motor_current (67/100); anomaly (60/100); vibration (57/100),tool_wear=22.0; anomaly=18.0; sensor_risk=10.0,Increase monitoring frequency and inspect tool at next planned maintenance,T+6 min,66.86746987951807,66.86746987951807,56.62650602409639,27.710843373493976,56.024096385542165,36.144578313253014
MILL_MC510V,15,4,9.0,1.5,0.25,2,0.37,ok,2.043479995831443,2.0373622362731982,4.619140625,2.260428599458015,1.8807633139249424,ok,8.080413552063675,2.498837618278941,9.3896484375,1.1620257276437038,4.543659200545509,ok,0.970133655711169,0.3974523867607804,3.27392578125,3.3747162176809877,6.712194696130551,ok,0.2765819642089674,0.0324362374637163,1.905517578125,6.889522184022183,984.8865217411508,ok,0.2233183947917828,0.0785940156403203,0.63720703125,2.8533566697058896,4.529126451627518,ok,0.236033678486402,0.0928061635302336,0.673828125,2.8547965244543043,5.370263787142768,usable,0.37,observed,52.85714285714286,32.3,72.28915662650603,56.024096385542165,72.89156626506023,33.4,50.3,Degraded,48.8,Medium,acoustic_emission (73/100); motor_current (72/100); vibration (56/100),tool_wear=29.1; sensor_risk=10.9; anomaly=9.7,Increase monitoring frequency and inspect tool at next planned maintenance,T+9 min,71.6867469879518,72.28915662650603,56.024096385542165,20.481927710843372,72.89156626506023,56.62650602409639
MILL_MC510V,15,5,13.0,1.5,0.25,2,0.48,ok,2.202838486482555,2.197236164385832,4.8681640625,2.209950521733969,1.8369274948032588,ok,8.717732246667875,2.5848554754802997,9.9951171875,1.1465272050904325,5.020951413159942,ok,0.9910742921813764,0.3116589965105988,1.5966796875,1.6110595341788774,5.405144982036672,ok,0.2652163029192712,0.0123721110796198,0.748291015625,2.8214367193330108,351.9695351923684,ok,0.1857190770817419,0.0417079170695836,0.355224609375,1.91269854963117,3.210376579359433,ok,0.201802961839648,0.0412972182467536,0.322265625,1.5969320869258317,2.937516884800126,usable,0.48,observed,68.57142857142857,84.4,92.16867469879519,59.63855421686747,48.795180722891565,62.2,23.1,Critical,64.7,High,motor_current (92/100); anomaly (84/100); tool_wear (69/100),tool_wear=37.7; anomaly=25.3; sensor_risk=13.8,Schedule tool inspection/replacement and verify vibration/current signals,T+13 min,78.3132530120482,92.16867469879519,59.63855421686747,3.614457831325301,48.795180722891565,31.92771084337349
MILL_MC510V,15,6,16.0,1.5,0.25,2,0.56,ok,2.217922536366954,2.211812731152228,4.70703125,2.1222703556221503,1.8283435878662395,ok,8.759791535833324,2.5473312109539066,9.9951171875,1.1410222659537317,5.311500241645076,ok,1.1091556153056157,0.4407150753446687,3.35693359375,3.0265668292379395,5.298179620578895,ok,0.2736432424683291,0.0500904938448863,1.871337890625,6.838604431588499,247.1526751487631,ok,0.2607056094804347,0.0930434552532692,0.7220458984375,2.7695832854295306,4.399123938561775,ok,0.2434757516029634,0.0778046806337016,0.546875,2.2461168982837534,3.4536487612675613,usable,0.56,observed,80.00000000000001,86.8,93.37349397590361,78.91566265060241,84.93975903614458,73.9,16.0,Critical,79.2,High,motor_current (93/100); anomaly (87/100); acoustic_emission (85/100),tool_wear=44.0; anomaly=26.0; sensor_risk=14.0,Schedule tool inspection/replacement and verify vibration/current signals,T+16 min,79.51807228915662,93.37349397590361,78.91566265060241,12.650602409638553,84.93975903614458,59.63855421686747
MILL_MC510V,15,7,19.0,1.5,0.25,2,0.7,ok,2.446171619322853,2.4428202069302385,4.814453125,1.968158360994624,1.7960500365091938,ok,9.124912064562617,2.659972461757282,9.9951171875,1.0953658639972876,5.748501752062675,ok,0.9433181378092118,0.3680002252507147,3.0224609375,3.2040738075027826,5.794399339472996,ok,0.272794971621523,0.0411139602806414,2.215576171875,8.121763237413258,705.1103946583258,ok,0.2907422944079717,0.1161595857999878,0.887451171875,3.0523635155285307,4.162534684134476,ok,0.3265470438488076,0.1425641780279327,0.8837890625,2.7064678096013965,3.7504423910352296,usable,0.7,observed,100.0,82.0,98.79518072289156,53.01204819277109,94.57831325301204,94.6,5.6,Critical,84.8,Immediate,tool_wear (100/100); motor_current (99/100); acoustic_emission (95/100),tool_wear=55.0; anomaly=24.6; sensor_risk=14.8,Stop/inspect tool condition and verify sensor data before next production cycle,T+19 min,86.74698795180723,98.79518072289156,53.01204819277109,11.44578313253012,94.57831325301204,85.54216867469879
MILL_MC510V,16,1,1.0,1.5,0.5,2,,ok,2.203404876240728,2.1970011964234306,5.0,2.2692152740118865,2.0934362297560227,ok,8.458421151561893,3.246849873262994,9.9951171875,1.181676462829374,2.461540833498395,ok,1.0708647860028095,0.5248269156412233,4.1796875,3.903095474450619,6.110366445187637,ok,0.3225683094491051,0.0278844456770075,0.753173828125,2.3349281564855677,19.8756621141625,ok,0.2162711746193345,0.0670664675198531,0.582275390625,2.692339335776893,5.387538928164969,ok,0.197366722563914,0.0553205722356258,0.5743408203125,2.9100185322457226,9.242129296667056,usable,0.24,interpolated,38.70967741935484,75.4,78.91566265060241,79.51807228915662,66.86746987951807,36.6,44.2,Degraded,56.7,Medium,vibration (80/100); motor_current (79/100); anomaly (75/100),anomaly=22.6; tool_wear=21.3; sensor_risk=11.9,Increase monitoring frequency and inspect tool at next planned maintenance,T+1 min,78.91566265060241,78.91566265060241,74.09638554216868,79.51807228915662,66.86746987951807,28.313253012048197
MILL_MC510V,16,2,2.0,1.5,0.5,2,,ok,2.3518666149252034,2.3469758231783278,5.0,2.125970906796893,2.0753045589145294,ok,8.498189540733074,3.2670319840021347,9.9951171875,1.176146653306655,2.459859766670257,ok,0.8680435835118702,0.3709837627389165,3.59619140625,4.142869637601187,9.190663998410148,ok,0.3189461748483065,0.0351774938000456,1.80419921875,5.656751392621139,596.9597992721849,ok,0.2130374055391582,0.0571984693255077,0.6524658203125,3.062681967320092,5.105767901389053,ok,0.2063563530629751,0.0552194576496935,0.6256103515625,3.0316990113144064,9.255247296754169,usable,0.24,interpolated,38.70967741935484,61.1,82.53012048192771,77.71084337349397,63.85542168674698,32.3,48.0,Degraded,54.3,Medium,motor_current (83/100); vibration (78/100); acoustic_emission (64/100),tool_wear=21.3; anomaly=18.3; sensor_risk=12.4,Increase monitoring frequency and inspect tool at next planned maintenance,T+2 min,82.53012048192771,80.72289156626506,43.97590361445783,77.71084337349397,63.85542168674698,33.13253012048193
MILL_MC510V,16,3,3.0,1.5,0.5,2,0.24,ok,2.497710818891556,2.4928449577511618,5.0,2.0018330233349104,2.0784223290768136,ok,8.551602409150867,3.2683199411503163,9.9951171875,1.1688005018572067,2.5794134061039,ok,1.258093706529184,0.50476652489159,3.3740234375,2.681853839652008,4.271528792540475,ok,0.3040459783181354,0.0144817092064829,0.57373046875,1.8869858826015975,22.20262362339776,ok,0.225473644974209,0.0631345765119184,0.4736328125,2.1006127459024144,4.162514546620556,ok,0.2307605551989298,0.0564603164677965,0.5169677734375,2.2402779062028237,5.278628387244945,usable,0.24,observed,38.70967741935484,17.4,89.1566265060241,86.74698795180723,74.09638554216868,19.2,60.1,Watch,52.1,Medium,motor_current (89/100); vibration (87/100); acoustic_emission (74/100),tool_wear=21.3; sensor_risk=13.4; anomaly=5.2,Increase monitoring frequency and inspect tool at next planned maintenance,T+3 min,89.1566265060241,82.53012048192771,86.74698795180723,64.45783132530121,74.09638554216868,54.21686746987952
MILL_MC510V,16,4,4.0,1.5,0.5,2,,ok,2.669680356252761,2.665243942261489,5.6298828125,2.108822803191373,2.0576739215097986,ok,8.644559964699564,3.241226571297306,9.9951171875,1.1562320382199138,2.7850919827139555,ok,1.3823856815753657,0.5481462825908238,3.49853515625,2.53079527868123,3.857616352427692,ok,0.2992858976269894,0.0334522622737773,1.702880859375,5.689813228325483,688.2802811795026,ok,0.2856496132654872,0.1066193337089563,0.740966796875,2.593970943639052,4.574458867318004,ok,0.2642866975808917,0.08476197341812,0.6365966796875,2.40873523151972,4.187429078517761,usable,0.32,interpolated,51.612903225806456,59.3,90.96385542168674,91.56626506024097,92.16867469879519,40.5,40.0,Degraded,66.0,High,acoustic_emission (92/100); vibration (92/100); motor_current (91/100),tool_wear=28.4; anomaly=17.8; sensor_risk=13.8,Schedule tool inspection/replacement and verify vibration/current signals,T+4 min,90.96385542168674,87.95180722891565,91.56626506024097,57.831325301204814,92.16867469879519,65.66265060240963
MILL_MC510V,16,5,6.0,1.5,0.5,2,0.4,ok,2.728158061189029,2.7238786326923696,5.9912109375,2.196064451957237,2.066250255802632,ok,8.681607875583413,3.189753844428929,9.9951171875,1.1512979312979126,2.881358969282111,ok,1.16323039434243,0.4702445535514576,3.671875,3.156618858874076,4.904735800664744,ok,0.2909096305056014,0.041926907850749,2.43896484375,8.383926099327448,992.0814110997976,ok,0.2872210956363752,0.1109507018326262,0.8709716796875,3.03240845786316,4.546818600860242,ok,0.2738500925335147,0.098562250690678,0.7196044921875,2.6277314187754186,5.527422893188873,usable,0.4,observed,64.51612903225806,42.5,93.97590361445783,83.13253012048193,92.7710843373494,46.0,37.7,Critical,67.2,High,motor_current (94/100); acoustic_emission (93/100); vibration (83/100),tool_wear=35.5; sensor_risk=14.1; anomaly=12.8,Schedule tool inspection/replacement and verify vibration/current signals,T+6 min,93.97590361445783,89.1566265060241,83.13253012048193,48.795180722891565,92.7710843373494,68.07228915662651
MILL_MC510V,16,6,9.0,1.5,0.5,2,0.62,ok,2.722921089124019,2.7191753985760787,5.986328125,2.1984948990657824,2.1264634802205173,ok,8.651366091743919,3.2519181876659324,9.9951171875,1.155322417466217,2.7190938745850355,ok,1.0089335220497846,0.4104764407298636,2.69775390625,2.6738668577157343,3.638620397789364,ok,0.2801598635188309,0.0224418913108396,1.021728515625,3.64694822016387,282.80178783329507,ok,0.2516335889261666,0.1080238466490493,0.9515380859375,3.781443049770734,6.167838533403834,ok,0.3166897816806803,0.1642961216074316,1.243896484375,3.927807451726682,7.169128279584919,usable,0.62,observed,100.0,53.9,93.37349397590361,65.06024096385542,82.53012048192771,86.2,14.8,Critical,81.6,Immediate,tool_wear (100/100); motor_current (93/100); acoustic_emission (83/100),tool_wear=55.0; anomaly=16.2; sensor_risk=14.0,Stop/inspect tool condition and verify sensor data before next production cycle,T+9 min,93.37349397590361,88.55421686746988,65.06024096385542,25.301204819277107,82.53012048192771,82.53012048192771
